time,temperature_2m_mean,temperature_2m_min,temperature_2m_max,wet_bulb_temperature_2m_mean,dew_point_2m_mean,relative_humidity_2m_mean,cloud_cover_mean,wind_speed_10m_mean,pressure_msl_mean,rain_binary,snow_binary
2021-01-01,0.6,-1.3,1.8,-0.0,-0.3,94,84,5.4,1008.2,1,1
2021-01-02,-0.5,-3.2,2.7,-1.6,-2.2,88,39,5.0,1014.3,0,0
2021-01-03,0.2,-0.5,1.0,-1.0,-1.9,86,99,11.5,1014.1,1,1
2021-01-04,-0.3,-0.8,0.4,-1.4,-2.1,88,99,8.6,1016.5,1,1
2021-01-05,0.2,-0.6,1.7,-0.8,-1.3,90,99,6.5,1016.5,1,1
2021-01-06,0.2,-1.8,1.4,-0.5,-0.8,93,89,9.1,1013.7,1,1
2021-01-07,-0.2,-1.3,1.1,-1.6,-2.6,84,98,13.0,1012.0,1,1
2021-01-08,-0.2,-1.8,1.1,-1.0,-1.4,92,96,10.0,1013.4,1,1
2021-01-09,-1.1,-2.4,-0.1,-1.7,-2.0,94,92,10.8,1022.1,0,0
2021-01-10,-1.0,-3.5,1.5,-2.4,-3.6,83,63,6.8,1024.7,0,0
2021-01-11,-0.2,-1.2,1.4,-2.5,-4.8,72,96,16.5,1019.6,0,0
2021-01-12,1.1,-0.1,2.1,0.1,-0.4,90,90,21.7,1007.3,1,1
2021-01-13,0.5,-0.4,1.5,-0.8,-1.7,85,79,23.6,1011.5,1,1
2021-01-14,-1.1,-4.9,1.2,-2.2,-3.0,87,71,12.9,1017.7,1,1
2021-01-15,-2.2,-5.5,-0.2,-3.4,-4.5,84,85,8.7,1025.2,0,0
2021-01-16,-2.8,-4.0,-1.4,-4.7,-6.8,74,89,10.5,1025.5,0,0
2021-01-17,-2.8,-4.6,-1.2,-4.6,-6.5,76,99,6.1,1019.7,1,1
2021-01-18,1.3,-1.1,2.3,0.7,0.4,94,100,16.0,1020.8,1,1
2021-01-19,2.6,1.5,5.1,1.7,1.2,90,100,23.8,1011.0,1,1
2021-01-20,4.9,2.0,7.3,2.2,-0.2,70,89,20.3,1004.0,0,0
2021-01-21,6.7,4.7,9.1,3.6,0.7,66,84,23.3,996.3,1,0
2021-01-22,4.4,-1.4,9.1,2.9,1.9,84,84,16.7,993.2,1,0
2021-01-23,1.3,-0.3,4.1,0.5,0.0,91,100,6.5,997.4,1,1
2021-01-24,0.0,-0.6,1.0,-0.6,-0.8,94,97,10.7,996.2,1,1
2021-01-25,-1.0,-3.0,1.7,-2.2,-3.1,86,92,6.3,1004.4,0,0
2021-01-26,-0.7,-2.3,0.8,-1.5,-2.0,91,88,14.1,1013.5,1,1
2021-01-27,0.0,-1.8,1.8,-1.1,-1.7,88,99,13.1,1014.1,1,1
2021-01-28,1.6,-0.8,2.7,1.1,1.0,96,97,10.4,1005.3,1,1
2021-01-29,1.8,-0.3,5.6,1.2,1.0,94,98,15.1,996.9,1,1
2021-01-30,-0.6,-3.0,4.9,-1.8,-2.8,85,99,12.6,1002.2,1,1
2021-01-31,-3.0,-5.6,0.8,-4.8,-6.6,77,64,9.8,1005.1,0,0
2021-02-01,-0.8,-5.0,2.3,-2.5,-4.1,79,99,11.1,997.5,1,1
2021-02-02,3.0,0.9,6.9,2.5,2.3,95,98,11.3,1001.9,1,0
2021-02-03,7.5,6.1,9.1,6.4,5.9,89,82,17.2,998.7,1,0
2021-02-04,5.6,1.9,7.8,4.0,2.9,83,92,15.6,1011.3,1,0
2021-02-05,2.4,0.6,3.8,1.8,1.5,94,99,10.8,1015.3,1,0
2021-02-06,-0.5,-3.2,2.3,-1.5,-2.2,88,100,20.9,1013.8,1,1
2021-02-07,-6.9,-8.4,-3.5,-8.1,-9.1,84,100,28.4,1005.7,1,1
2021-02-08,-9.9,-11.4,-8.5,-11.2,-12.7,80,100,14.1,1003.5,1,1
2021-02-09,-12.2,-14.9,-9.8,-13.4,-15.1,79,69,3.6,1007.5,1,1
2021-02-10,-12.8,-21.5,-6.2,-13.7,-14.7,86,66,4.8,1013.0,1,1
2021-02-11,-7.3,-10.9,-5.1,-8.3,-9.1,87,85,8.5,1028.3,0,0
2021-02-12,-10.9,-17.4,-6.2,-11.8,-12.7,87,53,6.6,1036.1,0,0
2021-02-13,-12.4,-17.1,-6.7,-13.3,-14.3,86,17,6.4,1042.2,0,0
2021-02-14,-12.4,-18.8,-4.9,-13.7,-15.5,78,30,6.9,1042.1,0,0
2021-02-15,-5.0,-10.7,1.2,-6.7,-9.0,74,100,10.8,1031.4,1,1
2021-02-16,2.5,0.9,4.5,1.4,0.9,89,98,9.3,1019.2,1,0
2021-02-17,4.8,2.7,7.5,3.5,2.7,87,82,15.6,1016.6,1,0
2021-02-18,4.9,1.1,8.9,3.3,2.2,83,99,12.4,1015.9,1,0
2021-02-19,5.0,1.4,8.7,3.2,1.9,81,75,13.0,1017.7,1,0
2021-02-20,6.6,0.8,13.2,4.8,3.7,82,68,9.2,1018.3,0,0
2021-02-21,8.3,2.8,15.6,5.5,3.4,72,20,8.8,1018.0,0,0
2021-02-22,6.2,-0.2,14.1,3.9,2.2,77,6,7.2,1022.2,0,0
2021-02-23,10.3,3.7,16.6,7.3,5.2,71,38,10.6,1031.5,0,0
2021-02-24,11.8,8.4,17.2,9.1,7.5,75,15,11.4,1031.8,0,0
2021-02-25,10.6,6.2,17.5,7.7,5.7,73,17,9.0,1027.5,0,0
2021-02-26,5.7,1.9,7.3,4.1,3.0,83,71,10.7,1031.2,1,0
2021-02-27,3.0,1.5,4.6,2.1,1.6,91,94,10.8,1038.8,0,0
2021-02-28,3.2,-0.9,8.1,2.1,1.4,89,27,6.0,1037.9,0,0
2021-03-01,2.5,-0.3,7.4,1.6,1.1,91,55,7.9,1036.0,0,0
2021-03-02,3.9,-1.1,12.2,2.5,1.7,87,20,7.0,1033.6,0,0
2021-03-03,6.7,-0.3,14.1,4.3,2.5,77,14,8.9,1028.0,0,0
2021-03-04,4.3,1.3,7.3,3.7,3.4,94,73,11.5,1019.8,1,1
2021-03-05,0.8,-4.0,4.2,-1.2,-3.3,75,55,8.2,1026.3,1,1
2021-03-06,-0.9,-4.3,3.6,-2.8,-4.7,76,39,7.7,1033.1,0,0
2021-03-07,-0.1,-3.4,3.0,-2.0,-3.7,77,57,9.6,1025.2,0,0
2021-03-08,1.3,-1.2,4.1,-0.9,-3.2,74,88,8.0,1022.4,1,1
2021-03-09,0.6,-2.1,2.8,-0.6,-1.5,86,99,6.9,1019.4,1,1
2021-03-10,3.5,0.9,6.3,1.7,0.2,81,97,7.9,1018.0,1,0
2021-03-11,6.7,3.6,11.0,4.7,3.4,79,77,25.0,1001.4,1,0
2021-03-12,5.3,3.2,8.1,2.8,0.6,73,89,23.8,1005.2,1,0
2021-03-13,4.7,3.3,6.3,3.1,2.0,83,88,26.0,998.2,1,1
2021-03-14,3.7,2.0,5.9,1.7,0.2,78,73,21.3,1006.1,1,1
2021-03-15,3.1,1.5,6.2,2.0,1.3,89,84,18.9,1009.9,1,1
2021-03-16,2.6,0.2,5.7,1.4,0.6,87,64,17.5,1019.5,1,1
2021-03-17,1.0,-2.2,4.1,-0.7,-2.1,81,53,8.6,1023.5,1,1
2021-03-18,0.9,-2.4,5.0,-0.4,-1.3,86,73,7.2,1022.8,1,1
2021-03-19,0.5,-3.2,4.6,-1.6,-3.8,74,42,9.6,1022.8,1,1
2021-03-20,-1.1,-6.2,2.8,-3.9,-7.9,62,54,7.0,1028.2,0,0
2021-03-21,3.5,1.6,5.4,1.4,-0.3,77,96,21.5,1018.7,1,0
2021-03-22,3.5,0.4,6.2,1.3,-0.5,76,91,14.0,1021.9,0,0
2021-03-23,4.4,2.2,7.5,2.5,1.0,79,80,10.2,1025.2,0,0
2021-03-24,6.6,1.0,12.8,4.1,2.1,74,33,8.6,1023.6,0,0
2021-03-25,7.8,1.4,13.8,5.2,3.2,75,80,6.1,1020.1,1,0
2021-03-26,8.7,4.4,13.7,5.9,3.8,73,57,8.8,1018.6,1,0
2021-03-27,5.4,1.1,9.2,3.3,1.8,78,62,18.5,1019.4,1,1
2021-03-28,6.5,0.9,11.1,3.3,0.5,67,94,15.2,1028.0,1,0
2021-03-29,11.6,6.6,17.3,6.8,2.6,55,54,14.5,1029.0,0,0
2021-03-30,12.5,4.6,19.5,7.3,2.8,54,3,6.9,1030.8,0,0
2021-03-31,12.7,4.2,21.9,8.1,4.5,61,16,6.9,1023.3,0,0
2021-04-01,11.0,4.8,18.9,7.8,5.5,70,54,12.6,1019.0,1,0
2021-04-02,5.4,3.1,9.1,2.9,0.8,73,82,14.5,1022.2,1,0
2021-04-03,5.1,1.4,8.6,2.2,-0.9,69,68,15.7,1024.0,1,0
2021-04-04,3.5,0.5,6.1,1.6,0.0,79,84,11.5,1022.3,0,0
2021-04-05,1.8,-1.8,4.5,-0.2,-2.3,75,76,21.0,1006.8,1,1
2021-04-06,0.4,-1.9,3.9,-1.6,-3.4,76,76,19.7,1008.3,1,1
2021-04-07,0.4,-2.0,3.5,-1.3,-2.7,80,88,21.2,1013.1,1,1
2021-04-08,1.8,-0.5,5.1,-0.8,-3.5,70,85,16.9,1022.2,1,1
2021-04-09,5.8,0.6,11.6,2.3,-1.3,62,89,14.7,1015.6,0,0
2021-04-10,6.3,3.5,8.2,4.9,4.1,86,100,9.3,1013.7,1,0
2021-04-11,7.6,1.9,14.4,6.1,5.3,86,92,14.0,1010.9,1,0
2021-04-12,2.8,-0.8,6.2,0.6,-1.4,76,68,13.2,1024.6,1,1
2021-04-13,1.9,-2.3,6.8,0.1,-1.3,80,43,11.8,1030.3,1,1
2021-04-14,1.8,-1.9,6.0,0.1,-1.3,81,32,10.2,1029.7,1,1
2021-04-15,2.1,-2.7,6.0,-0.0,-2.2,75,81,7.1,1029.2,1,1
2021-04-16,4.2,0.6,9.1,1.2,-1.8,66,81,8.6,1026.3,0,0
2021-04-17,4.7,0.3,8.6,2.3,0.2,74,89,8.1,1023.5,1,1
2021-04-18,7.0,3.8,11.8,5.6,4.8,87,87,5.1,1020.7,1,0
2021-04-19,7.8,4.9,11.1,6.0,4.9,83,80,7.6,1020.2,1,0
2021-04-20,9.3,4.2,15.2,7.2,5.7,80,26,9.4,1016.8,1,0
2021-04-21,8.7,3.0,14.8,5.4,2.5,68,30,12.0,1016.1,0,0
2021-04-22,4.4,-0.3,8.5,1.5,-1.4,67,60,16.4,1023.2,0,0
2021-04-23,5.2,0.4,10.6,2.6,0.3,73,50,12.5,1027.4,0,0
2021-04-24,5.0,0.0,10.0,2.4,0.2,73,80,9.4,1026.2,0,0
2021-04-25,3.8,-0.8,8.6,1.1,-1.6,70,22,11.7,1025.3,0,0
2021-04-26,4.3,-3.0,9.4,0.7,-3.4,59,47,7.7,1021.1,0,0
2021-04-27,5.4,-1.0,10.8,1.4,-3.0,56,22,14.6,1013.5,0,0
2021-04-28,9.4,1.2,15.6,5.1,1.2,58,33,11.4,1006.3,0,0
2021-04-29,9.8,5.8,14.4,6.9,4.7,72,76,15.0,1003.7,1,0
2021-04-30,7.6,5.7,10.6,5.2,3.5,76,99,9.8,1012.1,1,0
2021-05-01,8.6,4.3,11.9,6.2,4.3,76,95,5.3,1012.9,1,0
2021-05-02,6.7,3.2,9.0,4.1,2.0,73,68,15.9,1014.8,1,0
2021-05-03,6.5,1.4,11.4,3.2,-0.0,65,76,13.7,1018.9,1,0
2021-05-04,8.8,6.6,11.4,5.2,2.0,62,77,26.7,1002.6,1,0
2021-05-05,6.2,3.8,8.9,3.5,1.3,71,40,23.7,1003.4,1,1
2021-05-06,5.6,1.9,8.9,3.5,2.1,79,80,11.3,1007.2,1,0
2021-05-07,5.6,3.2,8.4,3.2,1.1,75,67,17.0,1011.9,1,1
2021-05-08,8.6,1.1,13.6,4.5,0.7,60,70,9.9,1017.0,1,0
2021-05-09,17.1,10.0,24.4,12.0,8.6,58,53,14.6,1008.4,0,0
2021-05-10,18.1,13.6,23.8,13.7,10.9,65,79,11.1,1007.1,1,0
2021-05-11,14.0,12.0,17.4,12.5,11.8,87,99,10.8,1007.5,1,0
2021-05-12,11.3,9.6,12.3,10.5,10.2,93,100,13.8,1010.0,1,0
2021-05-13,11.6,8.9,15.2,9.1,7.3,77,99,9.6,1007.3,0,0
2021-05-14,11.5,7.9,14.4,9.7,8.8,84,70,9.2,1007.0,1,0
2021-05-15,10.6,6.7,13.9,8.1,6.4,77,67,12.0,1005.9,1,0
2021-05-16,10.6,7.9,13.4,8.2,6.6,77,75,12.4,1002.7,1,0
2021-05-17,10.6,7.6,14.2,8.4,7.0,79,78,12.9,1004.1,1,0
2021-05-18,9.6,7.5,13.1,8.0,7.2,85,76,11.7,1011.9,1,0
2021-05-19,9.5,5.9,13.2,7.6,6.5,83,64,9.2,1016.1,1,0
2021-05-20,10.6,6.3,14.6,7.7,5.4,72,65,10.0,1018.6,1,0
2021-05-21,13.1,10.3,16.8,8.5,4.7,58,65,20.2,1006.9,1,0
2021-05-22,10.5,7.9,12.6,7.9,6.1,74,73,21.9,1005.6,1,0
2021-05-23,9.9,7.1,13.6,7.4,5.6,76,60,15.3,1013.5,1,0
2021-05-24,13.2,7.1,18.8,9.1,6.1,64,51,13.2,1012.3,1,0
2021-05-25,9.2,7.6,10.8,6.9,5.3,77,72,19.6,1012.7,1,0
2021-05-26,9.6,7.5,13.0,7.2,5.6,77,77,17.6,1012.0,1,0
2021-05-27,9.2,7.6,11.6,7.5,6.5,84,87,19.2,1015.2,1,0
2021-05-28,10.8,7.4,14.6,8.3,6.6,77,63,12.6,1022.8,1,0
2021-05-29,10.0,5.5,14.5,7.8,6.3,79,37,8.2,1025.5,1,0
2021-05-30,11.7,4.4,17.0,8.9,7.0,75,33,7.9,1026.8,0,0
2021-05-31,13.2,6.6,18.6,9.4,6.6,67,5,7.6,1023.1,0,0
2021-06-01,15.2,6.8,21.2,10.7,7.5,62,59,6.1,1019.2,0,0
2021-06-02,17.9,11.6,23.5,12.5,8.7,56,48,10.7,1017.6,0,0
2021-06-03,18.9,12.3,24.9,14.3,11.4,64,90,7.9,1020.9,0,0
2021-06-04,19.3,13.8,24.7,16.7,15.5,80,90,4.9,1020.7,1,0
2021-06-05,18.5,15.1,23.6,16.9,16.2,87,95,5.4,1019.1,1,0
2021-06-06,16.3,14.6,18.0,15.3,14.9,92,99,12.5,1021.0,1,0
2021-06-07,15.8,13.0,19.2,14.1,13.3,86,71,8.9,1022.4,1,0
2021-06-08,16.7,12.9,21.5,14.8,13.9,85,69,5.5,1022.4,1,0
2021-06-09,18.3,14.2,22.1,16.0,14.8,81,62,4.5,1021.4,1,0
2021-06-10,18.7,14.0,22.5,15.7,14.1,76,62,6.9,1020.4,1,0
2021-06-11,19.1,12.6,23.7,15.4,13.3,71,51,7.6,1018.6,1,0
2021-06-12,17.3,12.5,20.0,14.2,12.5,74,81,17.7,1018.2,1,0
2021-06-13,13.4,9.2,17.0,9.9,7.4,68,40,12.7,1026.1,0,0
2021-06-14,17.5,8.8,24.0,13.3,10.8,67,14,4.9,1022.1,0,0
2021-06-15,18.0,12.7,22.9,14.9,13.3,75,87,8.6,1019.2,1,0
2021-06-16,20.4,13.2,26.2,16.5,14.5,70,77,8.4,1016.7,1,0
2021-06-17,23.6,16.1,30.0,18.4,15.6,64,3,9.0,1014.1,0,0
2021-06-18,24.9,16.8,31.5,18.6,15.1,58,20,6.2,1013.3,0,0
2021-06-19,24.6,19.0,29.9,19.2,16.3,62,50,7.1,1013.5,0,0
2021-06-20,23.6,19.6,27.3,18.9,16.4,66,88,11.6,1008.9,1,0
2021-06-21,20.1,14.1,24.4,16.9,15.2,75,69,15.5,1007.2,1,0
2021-06-22,15.9,12.5,19.9,12.7,10.8,73,68,9.6,1014.7,1,0
2021-06-23,16.2,13.1,19.6,13.7,12.3,78,92,5.9,1019.7,1,0
2021-06-24,16.5,13.4,20.0,14.1,12.9,80,97,5.3,1018.9,1,0
2021-06-25,16.4,13.1,19.5,14.0,12.7,80,72,4.5,1018.1,1,0
2021-06-26,17.8,11.7,22.2,13.8,11.3,68,44,4.2,1019.1,0,0
2021-06-27,19.4,13.3,24.2,14.9,12.2,65,77,8.0,1017.6,0,0
2021-06-28,21.3,15.9,26.2,17.6,15.8,72,86,7.5,1015.0,1,0
2021-06-29,19.3,16.6,21.9,16.7,15.3,79,91,5.4,1011.8,1,0
2021-06-30,17.2,14.9,19.8,14.9,13.7,81,95,12.7,1010.2,1,0
2021-07-01,13.9,13.2,14.8,12.6,12.0,88,100,17.0,1013.1,1,0
2021-07-02,14.5,12.4,17.7,13.0,12.3,88,87,11.2,1017.1,1,0
2021-07-03,17.0,9.6,22.5,13.8,11.9,74,50,6.0,1016.0,0,0
2021-07-04,18.8,13.1,23.7,15.6,13.9,75,82,6.0,1010.9,1,0
2021-07-05,17.5,14.4,20.5,15.1,13.8,80,75,10.6,1010.3,1,0
2021-07-06,19.0,16.0,25.0,16.2,14.9,77,68,13.5,1009.9,1,0
2021-07-07,17.7,14.6,21.6,15.2,14.0,80,71,6.1,1016.9,1,0
2021-07-08,17.6,12.9,22.0,15.3,14.1,81,88,5.2,1020.1,1,0
2021-07-09,15.4,14.6,16.3,14.8,14.6,95,100,11.2,1019.1,1,0
2021-07-10,17.2,13.2,21.0,15.0,13.9,82,57,6.7,1017.8,1,0
2021-07-11,17.7,14.5,21.5,15.9,15.1,85,75,6.0,1016.0,1,0
2021-07-12,19.0,13.8,23.5,16.1,14.6,78,78,5.5,1012.5,1,0
2021-07-13,20.5,15.2,25.2,17.4,15.9,76,93,7.3,1008.5,1,0
2021-07-14,17.5,13.6,20.0,15.8,15.0,86,70,10.9,1009.3,1,0
2021-07-15,17.4,12.4,22.5,14.9,13.7,81,39,4.1,1013.3,1,0
2021-07-16,18.4,14.9,21.9,16.7,16.0,86,75,13.8,1019.0,1,0
2021-07-17,19.6,15.4,25.4,16.8,15.4,78,70,16.6,1021.5,1,0
2021-07-18,18.8,13.2,23.6,15.8,14.3,77,19,11.8,1021.1,0,0
2021-07-19,16.3,12.6,19.5,13.2,11.2,73,57,10.7,1020.5,0,0
2021-07-20,15.2,12.3,17.7,12.0,10.0,73,78,8.8,1020.8,0,0
2021-07-21,16.3,10.9,20.4,13.4,11.8,75,62,6.1,1023.1,1,0
2021-07-22,18.1,12.9,21.3,14.5,12.4,71,60,4.0,1021.5,0,0
2021-07-23,17.7,12.1,22.6,14.5,12.8,75,29,6.2,1017.3,0,0
2021-07-24,19.7,13.8,26.5,16.2,14.4,73,75,10.4,1011.5,1,0
2021-07-25,20.4,16.0,24.8,17.2,15.6,76,65,5.4,1009.8,1,0
2021-07-26,20.1,15.8,24.1,16.8,15.2,75,76,7.0,1011.3,1,0
2021-07-27,19.5,16.1,23.0,15.9,14.1,72,74,10.9,1012.8,1,0
2021-07-28,18.4,15.1,21.8,15.3,13.7,75,70,12.7,1011.9,1,0
2021-07-29,17.2,13.9,20.3,13.1,10.5,66,55,16.5,1011.8,1,0
2021-07-30,18.4,12.9,23.0,14.2,11.7,66,60,11.2,1009.5,0,0
2021-07-31,17.3,14.4,20.4,13.0,10.3,64,51,17.0,1008.0,1,0
2021-08-01,16.1,12.8,19.6,13.3,11.8,77,80,8.5,1009.0,1,0
2021-08-02,15.3,12.7,19.0,12.3,10.4,74,65,10.9,1012.9,1,0
2021-08-03,15.0,11.0,19.0,12.6,11.2,79,82,4.8,1013.9,1,0
2021-08-04,15.6,11.1,19.9,13.7,12.8,85,57,3.7,1013.0,1,0
2021-08-05,15.8,12.6,18.8,13.8,12.9,83,68,4.5,1010.0,1,0
2021-08-06,16.5,12.5,20.4,14.3,13.3,82,58,10.6,1005.8,1,0
2021-08-07,16.9,13.4,20.3,14.6,13.4,80,62,11.1,1005.5,1,0
2021-08-08,16.2,13.1,19.1,12.8,10.6,71,55,17.5,1010.3,0,0
2021-08-09,15.9,12.3,19.9,12.8,11.0,74,59,11.9,1017.5,1,0
2021-08-10,16.3,12.9,20.3,13.1,11.3,73,56,9.9,1017.4,1,0
2021-08-11,16.5,12.6,20.6,13.9,12.4,78,38,6.9,1019.9,1,0
2021-08-12,19.1,12.4,25.2,15.7,14.0,74,69,7.1,1020.7,0,0
2021-08-13,20.9,15.1,26.5,17.1,15.1,72,60,8.2,1020.7,1,0
2021-08-14,19.3,12.8,25.2,15.1,12.8,67,24,9.9,1020.3,0,0
2021-08-15,19.0,12.9,24.1,14.9,12.6,68,66,7.5,1014.7,0,0
2021-08-16,15.9,10.9,19.6,13.0,11.3,75,63,18.7,1010.0,1,0
2021-08-17,13.3,11.1,16.5,10.3,8.2,72,84,22.3,1015.3,1,0
2021-08-18,15.1,11.6,18.1,12.5,11.1,78,85,16.9,1014.4,1,0
2021-08-19,16.2,14.4,18.5,14.3,13.4,84,95,14.5,1013.7,1,0
2021-08-20,16.7,13.1,20.5,13.9,12.3,77,52,9.7,1016.6,1,0
2021-08-21,18.3,12.9,23.3,14.9,13.0,74,71,4.5,1018.7,1,0
2021-08-22,16.9,14.4,20.2,15.2,14.4,85,95,7.9,1016.0,1,0
2021-08-23,15.7,10.8,19.2,13.4,12.0,80,71,11.5,1020.9,1,0
2021-08-24,14.1,10.1,18.0,10.8,8.6,71,54,9.0,1026.6,1,0
2021-08-25,15.0,8.7,19.8,11.4,9.2,69,53,10.6,1020.7,1,0
2021-08-26,13.6,11.1,16.6,12.1,11.3,86,74,16.1,1011.8,1,0
2021-08-27,12.1,10.6,14.2,10.9,10.4,89,83,14.8,1013.3,1,0
2021-08-28,13.1,10.1,17.0,11.7,11.0,88,80,10.6,1016.6,1,0
2021-08-29,13.9,12.6,15.5,13.2,13.0,94,99,10.1,1015.4,1,0
2021-08-30,14.6,13.1,16.6,13.4,12.8,89,98,9.4,1016.6,1,0
2021-08-31,14.8,11.5,18.8,12.6,11.3,81,76,12.0,1021.9,1,0
2021-09-01,14.3,11.1,18.1,12.5,11.6,84,64,10.1,1026.8,1,0
2021-09-02,15.1,9.9,20.1,12.9,11.7,82,24,5.4,1026.9,0,0
2021-09-03,16.0,10.1,21.8,13.7,12.5,82,14,5.7,1021.3,0,0
2021-09-04,13.7,9.6,18.9,11.9,11.0,85,28,6.4,1019.3,0,0
2021-09-05,13.9,8.6,19.8,11.6,10.3,80,1,7.6,1022.3,0,0
2021-09-06,15.8,8.9,22.6,13.2,11.9,80,46,6.0,1023.9,0,0
2021-09-07,16.7,11.8,21.4,13.4,11.4,73,76,3.2,1024.2,0,0
2021-09-08,17.0,11.4,23.0,14.2,12.7,77,2,9.0,1019.5,0,0
2021-09-09,18.5,11.4,24.9,15.5,14.0,77,17,8.1,1013.0,1,0
2021-09-10,19.4,16.9,23.9,17.0,15.9,82,71,8.1,1014.2,1,0
2021-09-11,17.7,15.5,21.1,15.8,15.0,85,62,9.4,1016.7,1,0
2021-09-12,16.5,14.4,19.1,14.6,13.7,84,75,7.9,1017.8,1,0
2021-09-13,14.5,10.4,18.5,12.3,11.1,81,80,6.6,1018.9,0,0
2021-09-14,16.9,11.4,23.2,14.7,13.6,82,58,9.9,1016.5,1,0
2021-09-15,17.8,13.8,20.4,16.1,15.3,86,97,8.9,1012.0,1,0
2021-09-16,14.9,12.8,17.0,13.4,12.6,87,85,13.6,1014.9,1,0
2021-09-17,13.5,11.4,16.8,12.1,11.4,88,54,13.2,1015.7,1,0
2021-09-18,13.2,9.2,16.5,11.6,10.8,86,65,8.6,1017.1,1,0
2021-09-19,11.5,9.4,13.4,9.1,7.5,77,86,11.4,1018.0,0,0
2021-09-20,10.4,8.1,12.5,7.7,5.7,74,84,6.8,1021.8,0,0
2021-09-21,11.4,8.1,14.4,8.6,6.7,74,94,8.2,1028.3,0,0
2021-09-22,12.9,10.2,17.1,10.6,9.3,79,63,11.3,1027.4,0,0
2021-09-23,14.4,9.5,19.6,11.4,9.5,74,62,17.9,1017.6,1,0
2021-09-24,14.6,11.9,17.5,12.7,11.8,83,70,16.3,1015.7,1,0
2021-09-25,15.5,12.6,20.0,13.6,12.7,84,44,8.1,1016.9,0,0
2021-09-26,17.0,11.6,23.5,14.9,13.9,84,50,7.8,1016.8,1,0
2021-09-27,17.2,14.6,20.2,14.9,13.7,81,90,8.7,1016.9,1,0
2021-09-28,13.6,10.3,16.2,11.3,9.9,80,81,8.4,1022.5,1,0
2021-09-29,11.3,8.1,16.1,9.4,8.3,83,61,13.0,1018.3,1,0
2021-09-30,10.1,7.3,13.2,7.0,4.6,69,48,15.6,1025.1,0,0
2021-10-01,11.5,7.3,17.0,8.1,5.6,67,64,11.2,1019.9,0,0
2021-10-02,13.9,9.3,18.0,10.4,8.2,69,87,12.8,1012.1,0,0
2021-10-03,17.7,14.9,20.4,13.4,10.6,64,99,19.2,1005.8,1,0
2021-10-04,12.0,9.2,14.1,10.4,9.5,85,98,7.4,1017.5,1,0
2021-10-05,11.1,9.3,13.6,10.0,9.5,90,82,8.6,1010.9,1,0
2021-10-06,10.7,8.6,13.4,8.5,7.2,79,48,14.0,1016.0,1,0
2021-10-07,10.5,6.6,14.4,8.5,7.4,82,55,5.6,1027.5,0,0
2021-10-08,10.5,6.5,14.9,8.6,7.6,83,36,9.5,1031.3,0,0
2021-10-09,7.8,4.2,12.4,5.5,3.9,78,8,11.6,1031.2,0,0
2021-10-10,6.3,0.7,13.1,3.8,1.8,75,16,6.1,1027.9,0,0
2021-10-11,8.1,4.1,11.9,6.9,6.2,88,80,11.5,1024.1,1,0
2021-10-12,7.5,4.3,9.9,6.4,5.9,90,64,13.1,1018.6,1,0
2021-10-13,7.0,3.8,10.5,5.6,4.7,87,90,11.5,1023.2,1,0
2021-10-14,9.5,7.7,10.9,8.7,8.4,93,97,15.5,1022.7,1,0
2021-10-15,9.0,4.9,11.6,7.5,6.8,86,66,15.0,1017.2,1,0
2021-10-16,6.4,2.5,10.4,5.0,4.1,86,54,6.2,1022.2,0,0
2021-10-17,7.5,2.0,11.5,5.5,4.1,79,94,5.1,1021.7,0,0
2021-10-18,7.9,2.8,13.0,6.0,4.9,82,75,6.7,1024.4,0,0
2021-10-19,10.5,6.0,13.4,9.1,8.3,86,97,12.9,1020.2,1,0
2021-10-20,14.3,11.9,17.5,11.7,10.3,77,99,22.6,1008.2,1,0
2021-10-21,10.2,5.1,14.7,8.2,7.0,81,82,30.2,999.8,1,0
2021-10-22,6.3,4.2,9.8,4.3,2.8,79,56,24.6,1014.2,1,0
2021-10-23,5.5,1.5,9.2,4.2,3.4,86,53,12.2,1026.9,1,0
2021-10-24,4.4,-0.3,10.8,2.8,1.8,84,26,8.0,1027.4,0,0
2021-10-25,6.6,1.1,12.6,4.6,3.4,81,50,8.9,1020.7,0,0
2021-10-26,9.8,7.8,12.9,8.1,7.0,83,91,14.3,1021.0,0,0
2021-10-27,10.7,7.6,13.9,9.0,8.1,84,85,13.4,1024.2,0,0
2021-10-28,8.5,4.2,14.8,7.1,6.4,88,14,7.6,1020.4,0,0
2021-10-29,8.2,2.6,14.1,6.4,5.4,83,51,8.4,1013.7,0,0
2021-10-30,9.0,4.7,12.7,6.5,4.7,75,65,11.4,1008.5,0,0
2021-10-31,12.9,9.8,17.0,10.3,8.6,76,99,14.3,1006.7,0,0
2021-11-01,10.2,7.2,12.6,8.4,7.4,83,100,12.4,1002.1,1,0
2021-11-02,6.5,2.3,9.5,5.1,4.2,86,85,8.4,1001.7,1,0
2021-11-03,6.2,5.0,7.7,5.4,5.1,93,96,8.0,1002.5,1,0
2021-11-04,5.9,5.3,6.5,5.5,5.4,96,100,14.3,1003.4,1,0
2021-11-05,6.1,5.2,8.1,5.4,5.1,93,85,14.5,1020.0,1,0
2021-11-06,6.6,4.2,9.3,4.9,3.9,84,78,15.5,1026.6,0,0
2021-11-07,6.8,5.9,8.4,5.3,4.5,85,86,22.6,1015.6,1,0
2021-11-08,6.7,5.6,8.0,5.3,4.5,86,95,14.3,1021.6,1,0
2021-11-09,6.7,2.9,10.2,5.2,4.2,85,78,6.4,1028.0,1,0
2021-11-10,3.5,-0.2,8.1,2.1,1.1,85,78,4.4,1025.9,0,0
2021-11-11,2.2,-1.3,6.1,1.7,1.5,95,65,5.8,1025.0,0,0
2021-11-12,3.4,0.4,5.7,2.7,2.5,94,78,6.9,1020.5,0,0
2021-11-13,4.0,0.4,7.6,2.8,2.1,87,91,7.6,1015.3,1,0
2021-11-14,5.9,2.2,8.6,5.0,4.6,91,93,8.3,1023.3,0,0
2021-11-15,4.3,3.8,4.8,3.4,3.0,91,100,13.9,1027.3,0,0
2021-11-16,4.0,3.5,5.0,3.0,2.5,90,100,5.5,1023.5,0,0
2021-11-17,5.1,4.1,6.1,3.8,3.1,87,100,13.0,1021.4,1,0
2021-11-18,6.8,5.2,8.6,5.3,4.3,85,98,17.3,1027.0,1,0
2021-11-19,8.6,7.4,9.4,7.7,7.3,91,100,18.8,1027.5,1,0
2021-11-20,8.4,6.5,9.5,7.2,6.5,88,94,14.3,1023.7,0,0
2021-11-21,6.0,3.9,7.1,5.2,4.9,93,100,12.0,1012.4,1,0
2021-11-22,2.5,-1.3,4.9,1.5,0.9,90,47,7.4,1023.8,0,0
2021-11-23,2.3,-1.5,4.6,1.9,1.7,96,85,9.6,1029.3,1,0
2021-11-24,4.2,0.4,5.8,3.4,3.0,93,80,5.2,1023.4,1,0
2021-11-25,1.7,-0.3,3.9,0.6,-0.1,89,98,8.2,1011.3,0,0
2021-11-26,2.1,1.4,3.4,0.9,0.3,88,100,15.0,999.3,1,1
2021-11-27,1.6,-0.3,3.0,0.5,-0.1,89,89,11.3,991.2,1,1
2021-11-28,-0.2,-3.0,1.8,-1.0,-1.5,92,69,7.5,997.5,0,0
2021-11-29,-0.0,-1.1,1.4,-0.9,-1.4,91,91,13.0,1005.2,1,1
2021-11-30,3.1,0.1,5.8,2.2,1.8,91,100,24.0,1004.6,1,1
2021-12-01,5.5,3.5,6.8,4.3,3.7,88,94,24.8,995.2,1,0
2021-12-02,0.7,-2.2,3.1,-0.2,-0.5,92,76,14.9,1000.2,1,1
2021-12-03,-0.5,-2.8,1.8,-1.7,-2.7,86,96,16.7,1009.7,1,1
2021-12-04,1.8,0.4,3.3,0.7,-0.0,88,99,9.8,999.4,1,1
2021-12-05,1.9,-0.1,4.1,0.9,0.3,89,68,9.0,1004.3,1,0
2021-12-06,-0.3,-1.5,1.4,-0.9,-1.1,95,100,5.8,1014.1,1,1
2021-12-07,0.7,-0.7,2.4,-0.1,-0.5,92,94,10.3,1009.3,1,1
2021-12-08,1.5,-0.7,3.6,0.2,-0.6,86,100,10.8,1002.3,1,1
2021-12-09,1.6,-0.1,3.0,1.0,0.8,94,91,6.8,1004.9,1,0
2021-12-10,0.5,-3.9,3.2,-0.4,-0.9,90,59,8.0,999.1,0,0
2021-12-11,-1.4,-3.1,2.0,-2.2,-2.7,91,45,6.4,1013.9,0,0
2021-12-12,1.6,-0.1,3.7,1.0,0.8,94,100,11.6,1024.2,1,1
2021-12-13,4.8,3.4,7.4,4.5,4.4,97,95,10.2,1027.6,1,0
2021-12-14,5.5,4.7,6.6,4.9,4.7,95,100,9.6,1027.9,1,0
2021-12-15,6.4,5.7,7.2,5.6,5.3,93,100,12.5,1031.0,1,0
2021-12-16,6.6,5.7,7.4,6.1,6.0,96,99,13.0,1036.0,1,0
2021-12-17,5.1,3.8,6.2,4.8,4.8,98,99,10.9,1039.3,1,0
2021-12-18,4.9,4.2,6.1,4.7,4.7,99,100,13.9,1037.1,1,0
2021-12-19,4.3,3.5,5.2,3.9,3.8,97,98,23.2,1027.4,1,0
2021-12-20,-0.5,-3.6,3.1,-1.4,-1.9,91,6,8.9,1027.4,0,0
2021-12-21,-3.8,-5.2,-1.0,-4.3,-4.4,96,83,4.3,1027.9,0,0
2021-12-22,-3.7,-5.2,-0.8,-4.5,-5.0,91,99,5.5,1027.3,0,0
2021-12-23,-1.1,-4.7,3.8,-2.5,-3.8,82,100,9.6,1013.4,1,1
2021-12-24,4.6,0.2,7.6,3.8,3.5,93,100,20.1,1002.7,1,1
2021-12-25,-4.6,-8.4,-0.4,-6.7,-10.0,68,64,15.3,1011.9,1,1
2021-12-26,-5.6,-8.9,-2.8,-7.4,-9.6,74,69,13.3,1012.2,1,1
2021-12-27,-0.5,-2.8,2.1,-1.3,-1.8,91,98,10.0,1005.2,1,0
2021-12-28,3.8,-0.1,6.4,3.0,2.8,93,98,12.6,997.7,1,0
2021-12-29,5.5,3.6,7.1,4.9,4.7,94,93,12.8,1004.9,1,0
2021-12-30,10.3,7.2,12.4,9.4,9.0,91,100,20.1,1013.7,1,0
2021-12-31,11.2,10.3,12.1,9.7,9.0,87,88,21.8,1018.1,1,0
2022-01-01,9.9,7.7,12.0,8.8,8.2,89,98,14.4,1023.9,1,0
2022-01-02,8.7,7.6,9.9,7.3,6.6,87,91,16.2,1015.4,1,0
2022-01-03,7.4,6.2,8.6,5.7,4.7,83,90,22.2,1009.8,1,0
2022-01-04,5.7,3.7,7.1,4.9,4.5,92,100,11.4,998.2,1,0
2022-01-05,2.0,0.4,3.3,1.0,0.5,90,88,20.9,1001.8,1,1
2022-01-06,0.1,-1.8,2.3,-0.8,-1.4,90,34,12.7,1016.5,1,1
2022-01-07,0.5,-1.8,1.5,-0.7,-1.4,87,97,16.4,1014.3,1,1
2022-01-08,0.6,-0.5,2.2,-0.6,-1.5,86,90,13.3,1008.8,1,1
2022-01-09,2.1,1.0,2.7,1.0,0.3,88,100,17.2,998.4,1,1
2022-01-10,1.7,-0.8,3.8,1.3,1.1,96,91,9.1,1020.4,0,0
2022-01-11,1.8,-0.6,3.3,1.1,0.8,93,97,2.9,1034.2,1,0
2022-01-12,0.5,-2.2,1.9,-0.1,-0.4,93,99,9.7,1038.4,0,0
2022-01-13,1.6,0.0,4.3,0.8,0.5,93,57,15.7,1039.1,0,0
2022-01-14,1.1,-0.3,2.5,0.7,0.6,96,71,16.4,1034.5,1,0
2022-01-15,2.3,1.0,3.5,1.9,1.7,96,100,5.5,1030.1,1,0
2022-01-16,1.7,0.6,3.2,0.9,0.5,92,100,15.8,1023.8,1,1
2022-01-17,3.5,1.8,4.9,2.6,2.1,90,96,24.4,1027.8,1,0
2022-01-18,3.4,1.7,5.2,2.8,2.6,95,93,10.2,1036.7,1,0
2022-01-19,1.4,-1.6,3.9,0.3,-0.4,88,70,13.1,1025.4,1,1
2022-01-20,0.6,-2.2,3.3,-0.8,-2.0,83,65,25.1,1021.2,1,1
2022-01-21,-0.5,-3.6,3.0,-1.3,-1.8,91,76,17.1,1029.0,1,1
2022-01-22,3.8,2.9,4.8,3.4,3.4,97,100,17.3,1029.6,1,0
2022-01-23,3.4,3.0,4.1,3.0,2.9,97,100,11.6,1035.0,1,0
2022-01-24,3.4,2.2,5.1,2.8,2.6,94,98,4.8,1035.2,0,0
2022-01-25,1.7,0.9,2.5,0.9,0.5,92,99,6.8,1033.8,0,0
2022-01-26,0.4,-0.4,0.9,-0.7,-1.4,88,99,14.4,1030.9,1,1
2022-01-27,1.6,-0.2,4.5,0.7,0.1,89,96,21.2,1022.1,1,1
2022-01-28,2.4,1.5,4.3,0.7,-0.7,80,86,22.7,1028.7,1,0
2022-01-29,4.8,1.5,7.5,3.6,3.0,88,98,26.3,1021.5,1,0
2022-01-30,3.1,1.0,5.3,0.8,-1.5,72,81,25.9,1021.8,1,1
2022-01-31,1.7,0.4,3.2,0.5,-0.4,86,98,17.3,1008.7,1,1
2022-02-01,2.0,0.0,5.2,1.1,0.6,91,99,23.1,1011.6,1,1
2022-02-02,3.2,0.4,4.8,1.8,0.9,85,84,24.5,1014.3,1,1
2022-02-03,4.7,0.3,6.9,3.8,3.3,91,98,13.2,1017.1,1,0
2022-02-04,4.9,1.5,6.7,3.4,2.5,85,100,20.7,1010.2,1,1
2022-02-05,2.7,1.4,4.6,0.5,-1.5,74,85,23.8,1017.2,1,1
2022-02-06,3.7,2.5,4.8,2.6,1.9,88,100,30.3,1004.3,1,0
2022-02-07,2.3,0.5,5.3,0.6,-0.7,82,81,23.7,1015.4,1,1
2022-02-08,4.9,1.1,7.3,3.5,2.6,85,93,20.1,1026.0,1,0
2022-02-09,7.1,5.5,8.9,5.5,4.6,84,91,16.3,1025.5,1,0
2022-02-10,5.0,2.8,7.0,3.9,3.3,89,88,12.5,1020.2,1,0
2022-02-11,1.5,-2.8,3.8,0.6,0.0,90,68,18.1,1024.9,1,1
2022-02-12,-0.1,-3.3,4.2,-1.6,-2.9,83,72,7.6,1031.2,0,0
2022-02-13,2.6,-2.4,7.8,0.3,-1.7,73,60,12.4,1017.1,0,0
2022-02-14,6.5,3.5,10.6,3.6,1.0,68,76,16.1,1005.9,0,0
2022-02-15,5.0,3.6,7.2,3.1,1.6,80,80,16.1,1010.2,1,0
2022-02-16,6.8,4.2,11.1,5.5,4.8,87,100,28.4,999.8,1,0
2022-02-17,6.7,4.2,11.5,4.3,2.3,74,73,36.5,998.7,1,0
2022-02-18,6.2,3.2,10.6,4.1,2.6,78,87,24.6,1002.7,1,1
2022-02-19,3.7,2.0,5.7,0.3,-3.7,59,69,29.1,1009.3,1,1
2022-02-20,5.2,2.6,7.8,3.9,3.1,87,100,28.0,1006.0,1,1
2022-02-21,3.9,1.4,7.8,2.1,0.6,80,87,28.8,997.8,1,1
2022-02-22,4.4,1.8,6.7,2.7,1.4,82,88,25.1,1014.1,1,0
2022-02-23,4.7,2.2,8.7,2.5,0.7,76,25,17.6,1023.0,1,0
2022-02-24,5.8,2.0,9.8,3.3,1.4,74,88,19.7,1012.9,1,0
2022-02-25,1.8,-0.3,4.7,0.1,-1.3,80,60,21.6,1019.9,1,0
2022-02-26,2.0,-1.6,6.3,0.3,-1.1,81,66,11.9,1033.3,0,0
2022-02-27,0.5,-2.8,4.8,-1.1,-2.5,81,39,11.4,1036.0,0,0
2022-02-28,-0.0,-3.6,4.8,-1.7,-3.2,80,2,10.6,1034.8,0,0
2022-03-01,-0.3,-5.2,5.6,-2.7,-5.3,71,52,7.3,1031.7,0,0
2022-03-02,1.0,-3.2,7.6,-1.7,-4.9,68,52,5.7,1025.7,0,0
2022-03-03,0.5,-4.7,8.4,-2.3,-6.0,67,23,7.9,1021.6,0,0
2022-03-04,-1.7,-4.8,1.9,-2.9,-3.8,86,92,10.9,1024.5,0,0
2022-03-05,-0.3,-3.8,3.3,-2.2,-4.0,78,48,9.0,1024.5,0,0
2022-03-06,-1.2,-3.8,1.8,-3.3,-5.7,72,68,7.9,1025.9,1,1
2022-03-07,-0.2,-4.2,5.7,-2.7,-5.6,69,30,7.1,1027.3,0,0
2022-03-08,1.1,-3.5,7.4,-1.9,-5.7,64,2,9.2,1025.9,0,0
2022-03-09,2.0,-3.8,10.4,-0.9,-4.2,67,9,6.5,1026.0,0,0
2022-03-10,3.1,-2.0,10.3,0.3,-2.3,69,0,12.5,1027.8,0,0
2022-03-11,1.7,-3.1,7.2,-1.6,-6.0,58,0,19.2,1024.1,0,0
2022-03-12,2.3,-2.6,9.2,-1.6,-7.6,49,37,12.6,1022.4,0,0
2022-03-13,2.9,-3.2,10.3,-0.6,-4.8,58,1,10.8,1019.5,0,0
2022-03-14,3.5,-1.5,7.6,1.7,0.1,78,78,8.7,1025.3,1,0
2022-03-15,4.4,0.5,8.9,3.3,2.8,89,82,6.6,1027.1,1,0
2022-03-16,5.4,0.4,9.8,3.7,2.6,83,61,10.5,1027.1,0,0
2022-03-17,5.1,0.4,9.6,3.8,3.0,86,79,10.4,1029.4,1,0
2022-03-18,3.7,-2.3,10.6,1.3,-1.1,75,7,6.5,1042.3,0,0
2022-03-19,4.4,1.8,7.7,1.7,-1.0,70,31,16.3,1042.2,1,0
2022-03-20,5.1,0.8,10.8,0.9,-4.4,51,0,20.8,1034.1,0,0
2022-03-21,4.9,-1.4,12.4,1.6,-1.7,63,0,8.9,1034.2,0,0
2022-03-22,5.5,-1.2,14.5,1.9,-1.6,63,1,7.0,1033.4,0,0
2022-03-23,7.9,1.6,16.5,2.9,-3.1,48,0,5.5,1030.9,0,0
2022-03-24,6.5,-0.2,15.4,2.5,-1.7,59,0,7.0,1029.2,0,0
2022-03-25,7.6,0.4,14.5,3.5,-0.7,58,0,5.5,1029.9,0,0
2022-03-26,7.4,0.5,14.2,4.9,3.2,76,14,9.4,1030.8,0,0
2022-03-27,8.9,5.2,13.9,7.3,6.3,85,58,2.4,1030.7,0,0
2022-03-28,9.6,3.0,16.7,7.1,5.5,77,24,8.0,1021.8,1,0
2022-03-29,6.1,2.7,11.1,4.2,2.7,81,81,9.7,1012.4,0,0
2022-03-30,4.2,1.4,7.3,2.3,1.0,80,93,6.9,1005.2,1,0
2022-03-31,1.7,-0.2,3.6,0.5,-0.2,88,97,17.5,1001.6,1,1
2022-04-01,0.1,-1.8,2.5,-2.2,-4.8,71,100,15.5,1005.6,1,1
2022-04-02,0.4,-2.2,3.0,-2.2,-5.0,68,100,14.3,1014.9,1,1
2022-04-03,0.1,-5.2,4.1,-2.4,-5.2,69,55,11.5,1020.7,0,0
2022-04-04,1.7,-1.2,4.3,-0.1,-1.7,79,98,24.4,1010.8,1,1
2022-04-05,6.2,3.0,9.1,5.3,4.8,91,100,19.4,1004.1,1,0
2022-04-06,8.8,7.3,11.0,6.2,4.2,74,100,21.4,1001.7,1,0
2022-04-07,8.3,6.2,11.8,5.8,3.8,74,84,28.8,989.0,1,0
2022-04-08,5.1,2.6,7.3,2.1,-0.8,66,99,20.5,996.5,1,0
2022-04-09,3.4,0.9,6.8,1.3,-0.2,78,71,20.4,1007.3,1,1
2022-04-10,3.0,0.2,6.4,0.8,-1.2,75,70,17.4,1018.9,1,1
2022-04-11,4.8,-2.3,11.4,1.8,-1.0,68,61,6.7,1019.9,0,0
2022-04-12,8.9,1.4,16.6,5.2,2.2,65,94,11.5,1015.9,1,0
2022-04-13,13.0,4.5,21.4,9.1,6.3,66,87,5.5,1016.0,0,0
2022-04-14,11.4,8.0,15.4,9.6,8.7,84,85,8.4,1020.3,1,0
2022-04-15,8.0,6.3,11.1,6.4,5.4,84,80,11.7,1026.1,1,0
2022-04-16,5.3,1.1,9.5,2.7,0.2,71,50,11.3,1033.7,0,0
2022-04-17,5.5,-0.4,11.0,2.1,-1.4,64,23,9.3,1029.9,0,0
2022-04-18,7.1,-0.3,13.9,3.7,0.6,66,24,7.2,1020.5,0,0
2022-04-19,7.7,1.3,12.4,3.7,-0.3,59,31,8.0,1015.7,0,0
2022-04-20,6.8,0.4,11.4,3.9,1.5,70,78,7.4,1016.9,0,0
2022-04-21,7.0,3.0,10.2,5.0,3.7,80,95,8.8,1013.8,1,0
2022-04-22,9.4,6.3,12.3,7.4,6.1,81,86,16.8,1008.8,1,0
2022-04-23,9.8,5.5,13.6,6.2,3.1,65,17,18.7,1007.8,0,0
2022-04-24,9.5,5.9,14.1,6.6,4.2,71,71,14.2,1003.7,1,0
2022-04-25,8.4,5.8,11.9,7.0,6.2,86,98,3.9,1011.1,1,0
2022-04-26,8.7,2.1,13.7,5.9,3.7,73,70,7.6,1016.4,0,0
2022-04-27,9.1,3.0,14.4,6.6,4.8,77,27,5.9,1024.3,1,0
2022-04-28,9.6,3.2,14.9,6.7,4.5,72,19,6.7,1028.8,0,0
2022-04-29,11.0,2.2,15.9,7.5,5.0,68,78,5.0,1027.5,1,0
2022-04-30,9.3,5.2,14.2,7.1,5.6,78,93,7.5,1024.2,1,0
2022-05-01,9.9,5.5,14.1,7.6,6.0,78,86,4.7,1022.6,1,0
2022-05-02,12.0,6.9,17.4,8.5,5.9,68,45,7.0,1019.0,1,0
2022-05-03,11.5,5.4,16.6,8.1,5.5,69,23,6.9,1017.3,0,0
2022-05-04,11.3,4.9,16.5,9.0,7.7,79,54,5.7,1017.7,1,0
2022-05-05,11.1,5.3,16.0,7.9,5.4,71,71,7.1,1021.3,0,0
2022-05-06,11.8,6.3,16.6,8.6,6.3,70,28,4.9,1024.7,1,0
2022-05-07,13.2,6.8,19.3,10.1,8.0,73,51,5.9,1023.1,1,0
2022-05-08,12.3,8.5,17.2,9.7,7.9,76,38,6.0,1025.8,0,0
2022-05-09,13.4,6.1,20.4,9.0,5.7,61,16,7.3,1026.4,0,0
2022-05-10,16.8,8.1,22.8,12.2,9.1,63,93,8.9,1019.0,0,0
2022-05-11,19.9,14.2,25.9,14.4,10.7,58,65,15.1,1011.5,1,0
2022-05-12,15.2,11.6,18.9,10.7,7.3,61,73,15.5,1016.1,1,0
2022-05-13,12.4,7.7,15.8,8.6,5.8,65,61,14.0,1018.8,1,0
2022-05-14,13.9,8.2,19.1,10.1,7.5,67,52,11.6,1020.7,0,0
2022-05-15,14.4,7.8,20.5,10.5,7.8,66,29,8.5,1021.0,0,0
2022-05-16,16.1,10.1,22.5,13.0,11.2,74,82,10.9,1017.4,1,0
2022-05-17,16.9,13.1,21.1,13.9,12.1,76,71,11.8,1020.8,1,0
2022-05-18,19.1,12.9,24.6,15.0,12.7,69,58,8.4,1023.0,1,0
2022-05-19,19.6,13.1,25.5,15.2,12.7,67,89,9.7,1020.3,0,0
2022-05-20,18.3,13.8,23.4,16.4,15.4,84,94,10.9,1017.9,1,0
2022-05-21,13.0,9.4,16.1,9.9,7.8,71,66,20.6,1019.4,1,0
2022-05-22,13.5,9.5,17.4,10.2,7.9,70,74,7.7,1016.5,0,0
2022-05-23,15.2,9.6,20.7,12.4,10.9,76,93,14.3,1006.0,1,0
2022-05-24,14.4,10.2,17.0,11.3,9.3,73,81,13.4,1006.1,1,0
2022-05-25,13.6,8.4,17.8,9.4,6.2,63,55,11.2,1014.9,1,0
2022-05-26,15.5,12.9,18.0,11.3,8.5,63,90,19.2,1018.8,1,0
2022-05-27,13.8,9.4,16.4,10.1,7.2,67,60,22.2,1017.7,1,0
2022-05-28,10.4,6.9,13.4,6.7,3.7,64,33,21.6,1017.3,1,0
2022-05-29,8.7,5.9,12.6,6.7,5.4,80,65,11.4,1013.4,1,0
2022-05-30,8.9,5.0,12.1,6.2,4.1,74,68,9.0,1013.6,0,0
2022-05-31,11.0,3.4,16.8,8.0,5.9,73,76,4.9,1014.2,1,0
2022-06-01,11.5,5.5,16.9,9.0,7.3,77,52,9.2,1014.7,1,0
2022-06-02,11.6,6.2,16.3,8.5,6.3,72,29,7.7,1021.2,0,0
2022-06-03,15.4,7.4,22.2,11.7,9.3,69,71,11.4,1019.2,1,0
2022-06-04,17.2,13.1,21.5,13.4,11.0,68,59,7.7,1019.5,0,0
2022-06-05,17.4,12.1,22.5,14.5,12.9,76,86,12.1,1016.2,1,0
2022-06-06,17.3,13.9,20.5,13.8,11.6,71,50,14.2,1014.6,1,0
2022-06-07,15.9,9.8,20.5,11.7,8.8,65,54,11.8,1013.2,0,0
2022-06-08,16.8,12.6,21.0,13.6,11.7,74,86,7.1,1009.2,1,0
2022-06-09,15.5,12.4,19.3,12.5,10.6,74,74,13.8,1013.1,1,0
2022-06-10,16.3,9.9,21.5,12.4,9.8,68,34,8.1,1022.2,0,0
2022-06-11,18.1,11.4,23.1,14.0,11.6,67,26,8.2,1022.3,1,0
2022-06-12,18.5,14.1,23.7,13.6,10.4,61,46,9.6,1020.5,0,0
2022-06-13,14.0,10.6,17.2,10.4,7.8,68,60,13.1,1020.4,1,0
2022-06-14,14.1,7.7,20.1,10.1,7.3,66,63,7.0,1022.4,0,0
2022-06-15,17.8,9.6,24.9,12.8,9.6,61,12,6.8,1018.5,0,0
2022-06-16,17.5,12.1,21.9,12.6,9.2,60,46,11.5,1019.7,1,0
2022-06-17,17.8,10.1,24.4,12.7,9.2,60,80,5.0,1023.9,0,0
2022-06-18,24.8,16.5,32.1,17.1,12.4,47,38,10.4,1016.6,0,0
2022-06-19,23.6,16.8,31.6,17.7,14.3,58,64,14.0,1008.9,1,0
2022-06-20,14.0,11.2,16.9,11.7,10.2,80,77,12.0,1013.2,1,0
2022-06-21,14.2,8.4,20.2,10.4,7.6,67,39,7.3,1015.4,0,0
2022-06-22,18.1,10.2,24.1,13.1,9.8,61,57,4.1,1012.7,0,0
2022-06-23,20.6,12.6,27.6,14.6,10.6,55,0,9.2,1013.1,0,0
2022-06-24,20.4,16.9,23.1,16.2,14.0,67,64,9.8,1008.4,1,0
2022-06-25,20.7,15.7,25.7,16.4,13.9,68,60,7.2,1012.2,1,0
2022-06-26,22.0,14.9,27.9,16.7,13.6,62,65,6.3,1014.0,0,0
2022-06-27,20.7,16.2,26.0,17.6,16.2,77,90,9.1,1014.7,1,0
2022-06-28,18.1,13.4,22.4,13.0,9.4,60,54,8.8,1021.0,0,0
2022-06-29,19.2,15.6,23.0,15.0,12.5,66,82,12.1,1015.8,1,0
2022-06-30,21.9,15.6,27.2,17.9,16.0,71,42,8.1,1011.9,0,0
2022-07-01,15.9,12.6,20.1,13.1,11.4,76,85,14.0,1017.3,1,0
2022-07-02,18.2,10.4,24.6,13.2,9.9,62,16,6.5,1022.2,0,0
2022-07-03,20.9,13.2,27.3,14.7,10.6,55,26,9.0,1017.3,0,0
2022-07-04,18.2,13.6,22.8,13.2,9.7,60,24,11.0,1019.2,1,0
2022-07-05,17.6,11.4,22.4,12.5,9.0,59,44,9.4,1020.8,1,0
2022-07-06,15.0,11.4,17.3,10.5,7.1,61,71,11.9,1023.1,0,0
2022-07-07,14.7,13.0,17.9,12.5,11.3,80,92,18.5,1019.9,1,0
2022-07-08,15.4,11.6,19.2,11.9,9.8,70,79,16.4,1028.0,0,0
2022-07-09,16.2,12.6,20.1,13.1,11.3,74,87,14.6,1024.8,1,0
2022-07-10,14.0,11.0,18.0,10.7,8.4,70,75,18.4,1022.9,1,0
2022-07-11,15.3,11.8,18.9,12.8,11.3,79,74,12.2,1022.9,1,0
2022-07-12,18.5,12.6,24.2,14.3,11.6,67,55,6.9,1024.3,0,0
2022-07-13,21.4,15.2,29.0,15.5,11.9,56,79,10.9,1020.1,0,0
2022-07-14,18.1,13.4,22.6,13.6,10.6,64,63,11.7,1018.4,1,0
2022-07-15,14.7,10.6,18.1,10.4,7.2,63,69,10.5,1021.3,0,0
2022-07-16,15.8,11.2,20.5,10.9,7.2,58,58,15.6,1021.9,1,0
2022-07-17,16.6,9.8,22.8,11.1,6.8,55,44,5.7,1026.9,0,0
2022-07-18,21.1,10.8,28.8,13.7,8.4,47,77,5.4,1023.7,0,0
2022-07-19,25.4,15.1,33.6,16.0,9.6,40,22,5.8,1019.2,0,0
2022-07-20,27.5,17.6,35.5,17.3,10.6,37,48,8.2,1016.0,0,0
2022-07-21,21.2,17.8,25.0,17.2,14.9,69,79,11.7,1018.0,1,0
2022-07-22,18.8,16.4,22.3,15.7,14.0,75,98,9.8,1018.9,1,0
2022-07-23,18.6,15.1,23.5,14.6,12.1,68,50,9.0,1018.4,1,0
2022-07-24,20.6,12.0,27.6,14.8,11.2,58,23,5.0,1019.1,0,0
2022-07-25,23.9,16.6,32.5,17.4,13.5,55,64,13.1,1010.9,1,0
2022-07-26,18.2,14.6,22.6,14.6,12.6,71,58,14.5,1014.7,1,0
2022-07-27,16.0,11.8,19.5,11.1,7.3,58,59,9.7,1018.6,1,0
2022-07-28,17.1,8.9,23.2,11.5,7.1,55,76,10.4,1018.8,0,0
2022-07-29,20.1,15.4,26.0,13.8,9.3,51,93,10.8,1016.5,1,0
2022-07-30,17.9,15.3,22.5,15.6,14.4,82,65,7.7,1017.5,1,0
2022-07-31,19.8,13.9,25.6,15.4,12.9,67,72,8.1,1016.5,0,0
2022-08-01,18.8,14.3,21.9,16.3,15.1,80,76,13.3,1016.5,1,0
2022-08-02,19.3,11.3,25.5,14.9,12.3,67,65,6.3,1018.2,0,0
2022-08-03,23.5,14.9,31.0,17.3,13.6,57,52,5.1,1016.0,0,0
2022-08-04,25.6,17.5,33.4,18.4,14.3,53,55,8.6,1013.5,0,0
2022-08-05,19.9,14.4,25.8,17.0,15.6,77,92,10.1,1015.8,1,0
2022-08-06,15.3,10.3,19.8,10.6,7.1,60,36,8.1,1025.9,0,0
2022-08-07,16.7,10.3,22.1,11.0,6.5,54,17,7.0,1024.7,0,0
2022-08-08,18.5,11.0,24.6,12.5,8.0,53,8,6.6,1024.2,0,0
2022-08-09,19.9,12.8,25.4,13.8,9.6,54,30,7.0,1026.5,0,0
2022-08-10,20.3,13.9,26.0,13.4,8.3,49,25,9.4,1026.2,0,0
2022-08-11,21.7,13.6,27.9,13.9,8.1,43,45,8.5,1022.8,0,0
2022-08-12,21.0,13.6,27.3,13.5,7.8,45,11,11.1,1020.6,0,0
2022-08-13,21.5,14.0,27.5,15.4,11.6,55,35,9.3,1017.6,0,0
2022-08-14,23.0,16.2,28.6,17.4,14.0,61,32,10.8,1010.9,1,0
2022-08-15,21.5,17.5,26.8,17.4,15.3,68,57,6.5,1005.4,1,0
2022-08-16,21.5,15.6,26.2,16.8,14.1,66,14,6.3,1009.4,1,0
2022-08-17,22.8,16.0,29.4,16.9,13.4,58,74,4.8,1011.3,1,0
2022-08-18,20.6,16.8,24.6,17.1,15.3,73,96,9.9,1012.0,1,0
2022-08-19,20.5,16.8,24.5,16.1,13.5,66,99,11.5,1012.5,0,0
2022-08-20,19.1,15.6,22.6,16.1,14.6,76,95,7.9,1015.5,1,0
2022-08-21,18.6,13.0,24.2,14.3,11.5,67,30,7.0,1016.3,1,0
2022-08-22,19.6,12.6,25.0,13.6,9.5,54,38,6.5,1016.1,0,0
2022-08-23,19.7,13.2,25.9,14.4,11.0,60,16,8.5,1018.0,0,0
2022-08-24,21.2,13.1,27.8,15.4,11.8,59,4,8.3,1019.9,0,0
2022-08-25,22.4,15.9,28.4,17.2,14.2,63,58,11.0,1017.7,1,0
2022-08-26,21.7,17.7,27.9,18.5,16.9,76,93,6.5,1013.5,1,0
2022-08-27,18.9,17.2,21.1,16.5,15.4,81,100,13.7,1014.7,1,0
2022-08-28,17.0,12.6,21.5,12.5,9.5,63,26,12.5,1018.3,0,0
2022-08-29,15.8,9.6,22.0,12.0,9.5,69,64,6.8,1021.1,0,0
2022-08-30,17.2,11.7,21.8,13.4,11.0,69,68,7.5,1021.3,1,0
2022-08-31,17.1,13.6,20.8,12.7,9.7,64,91,12.2,1022.3,0,0
2022-09-01,16.2,11.0,20.6,11.0,7.0,57,18,11.5,1021.9,0,0
2022-09-02,16.3,10.4,21.6,10.8,6.5,55,26,13.5,1018.7,0,0
2022-09-03,16.9,10.8,22.2,11.0,6.3,52,26,13.5,1015.8,0,0
2022-09-04,18.7,11.2,25.6,13.4,9.8,59,40,8.1,1019.3,0,0
2022-09-05,20.1,15.1,26.1,14.9,11.7,60,86,11.4,1021.8,1,0
2022-09-06,19.8,15.6,25.1,16.0,13.9,70,80,10.7,1017.6,1,0
2022-09-07,19.9,15.6,26.0,15.7,13.2,69,84,6.6,1013.1,1,0
2022-09-08,16.5,14.2,19.2,13.9,12.5,78,70,7.8,1009.5,1,0
2022-09-09,16.6,13.4,20.9,12.9,10.6,70,76,12.4,1010.7,1,0
2022-09-10,14.6,12.1,18.2,12.6,11.5,83,78,9.4,1012.7,1,0
2022-09-11,14.4,10.9,19.0,12.2,10.9,82,44,10.0,1017.6,1,0
2022-09-12,14.9,8.4,20.8,11.7,9.6,73,59,5.1,1016.7,0,0
2022-09-13,17.7,12.9,22.0,14.1,12.2,71,85,10.6,1009.9,1,0
2022-09-14,14.6,12.8,16.0,13.5,12.9,90,100,4.3,1006.0,1,0
2022-09-15,12.9,10.7,15.8,10.8,9.4,81,84,14.2,1006.3,1,0
2022-09-16,11.5,9.7,14.6,8.7,6.7,73,61,19.6,1007.8,1,0
2022-09-17,10.0,8.6,12.6,7.8,6.3,78,83,22.7,1009.2,1,0
2022-09-18,8.5,7.1,11.1,6.9,6.1,85,83,20.9,1011.2,1,0
2022-09-19,9.5,7.8,13.0,8.3,7.8,89,91,18.6,1015.7,1,0
2022-09-20,9.1,6.2,12.7,7.6,6.6,85,65,11.4,1021.9,1,0
2022-09-21,9.2,4.4,14.0,6.9,5.3,79,46,4.5,1026.5,0,0
2022-09-22,10.4,5.9,15.1,7.2,4.8,70,28,4.7,1024.1,0,0
2022-09-23,10.7,3.8,16.8,7.6,5.4,72,74,6.6,1018.0,0,0
2022-09-24,12.0,7.4,16.8,9.5,8.0,77,93,4.8,1013.3,0,0
2022-09-25,11.1,8.1,14.7,9.3,8.3,84,62,8.4,1012.5,1,0
2022-09-26,10.4,6.2,14.0,7.7,5.9,75,88,14.6,1004.2,1,0
2022-09-27,9.2,6.6,11.8,7.4,6.3,83,94,15.9,996.4,1,0
2022-09-28,7.0,4.0,9.4,5.5,4.6,85,72,9.9,997.4,1,0
2022-09-29,7.5,2.8,12.2,5.7,4.6,83,64,4.9,1003.4,1,0
2022-09-30,8.6,2.8,14.4,5.8,3.6,73,24,7.0,1010.7,0,0
2022-10-01,10.3,8.1,13.5,8.4,7.3,82,75,20.7,1008.1,1,0
2022-10-02,11.4,9.2,15.1,9.6,8.5,83,52,17.5,1016.6,1,0
2022-10-03,10.9,8.6,13.7,9.2,8.2,84,85,14.6,1024.9,1,0
2022-10-04,11.3,6.8,16.4,9.1,7.8,80,61,7.9,1022.6,0,0
2022-10-05,13.3,9.1,17.0,10.8,9.5,78,53,14.1,1018.6,0,0
2022-10-06,13.1,8.0,16.0,10.1,8.1,72,37,14.6,1027.1,1,0
2022-10-07,9.9,3.3,16.5,7.5,5.9,78,31,7.5,1024.2,0,0
2022-10-08,10.0,6.2,13.3,8.0,6.8,81,42,13.1,1020.2,1,0
2022-10-09,8.3,2.8,13.9,6.2,4.8,80,1,8.9,1024.8,0,0
2022-10-10,10.7,3.7,17.7,8.3,6.8,78,43,10.3,1017.6,0,0
2022-10-11,8.9,5.0,12.9,7.1,5.9,83,58,7.2,1025.9,0,0
2022-10-12,8.0,2.2,14.6,6.1,5.0,83,40,7.5,1024.7,0,0
2022-10-13,10.3,6.5,15.1,9.1,8.5,89,90,8.9,1019.4,1,0
2022-10-14,12.4,9.6,15.0,11.1,10.5,89,89,9.4,1013.9,1,0
2022-10-15,14.5,12.4,17.1,12.9,12.1,86,90,12.4,1008.9,1,0
2022-10-16,15.1,12.8,18.8,13.2,12.1,83,80,11.2,1016.3,1,0
2022-10-17,16.8,12.4,22.6,14.3,13.0,79,93,9.8,1022.5,0,0
2022-10-18,13.8,8.4,16.8,12.9,12.5,92,63,6.7,1026.5,1,0
2022-10-19,8.2,5.6,11.1,6.8,5.9,86,68,8.2,1028.0,0,0
2022-10-20,8.9,3.5,14.4,7.1,6.0,83,96,12.1,1019.3,1,0
2022-10-21,12.2,8.9,15.4,11.0,10.5,89,96,8.7,1011.7,1,0
2022-10-22,13.2,10.6,17.2,11.8,11.0,87,59,10.1,1014.3,1,0
2022-10-23,13.0,8.5,17.0,11.2,10.4,85,100,9.6,1014.1,1,0
2022-10-24,15.2,13.2,19.0,12.5,10.8,76,79,18.3,1010.5,0,0
2022-10-25,12.5,8.1,15.4,10.4,9.2,81,57,13.7,1016.2,1,0
2022-10-26,12.1,8.1,17.0,10.8,10.2,89,85,8.1,1018.9,0,0
2022-10-27,13.0,8.1,18.0,11.7,11.2,89,82,7.7,1024.4,0,0
2022-10-28,16.5,11.9,22.0,13.5,11.8,75,86,10.0,1021.3,0,0
2022-10-29,15.1,11.6,19.7,13.2,12.4,84,98,6.4,1021.5,0,0
2022-10-30,15.2,10.6,21.6,12.3,10.7,75,64,7.3,1019.1,0,0
2022-10-31,13.1,10.8,17.0,12.0,11.6,91,88,8.5,1020.1,0,0
2022-11-01,12.6,8.8,16.8,10.5,9.2,80,64,12.3,1016.6,1,0
2022-11-02,9.9,7.5,13.2,7.1,5.1,73,35,16.6,1020.8,0,0
2022-11-03,8.9,5.7,12.8,7.2,6.2,83,98,11.4,1013.2,0,0
2022-11-04,8.8,5.8,10.6,7.1,6.1,84,100,10.7,1006.8,1,0
2022-11-05,6.6,4.7,10.1,5.1,4.0,84,69,10.2,1017.3,0,0
2022-11-06,6.9,4.3,9.9,4.9,3.5,80,46,13.0,1015.5,1,0
2022-11-07,9.9,7.2,13.1,7.8,6.6,80,85,19.1,1013.2,1,0
2022-11-08,11.1,8.3,14.5,8.7,7.2,78,86,14.5,1012.3,0,0
2022-11-09,12.0,9.7,14.3,9.8,8.6,80,98,18.3,1011.4,1,0
2022-11-10,9.6,7.5,12.6,7.7,6.5,81,63,15.1,1024.0,0,0
2022-11-11,8.2,4.7,13.6,6.4,5.4,83,81,9.8,1031.8,0,0
2022-11-12,6.6,1.8,13.4,5.2,4.4,87,92,5.3,1032.8,0,0
2022-11-13,4.9,2.7,9.4,3.8,3.1,88,49,11.0,1026.2,0,0
2022-11-14,5.0,1.6,8.9,3.9,3.3,89,56,12.1,1017.1,0,0
2022-11-15,9.7,6.4,13.1,7.7,6.6,81,72,9.8,1010.6,0,0
2022-11-16,7.3,5.6,9.6,6.4,6.0,92,100,9.8,1003.5,1,0
2022-11-17,5.1,4.0,7.1,4.8,4.7,97,91,14.5,997.8,1,0
2022-11-18,2.4,-1.9,5.5,1.7,1.3,92,98,12.8,1004.5,1,1
2022-11-19,-3.5,-5.9,-0.6,-5.1,-6.8,78,27,9.7,1014.5,0,0
2022-11-20,-3.8,-7.3,0.1,-5.2,-6.5,82,31,5.8,1011.2,1,1
2022-11-21,-1.0,-2.8,1.5,-1.9,-2.5,90,78,8.7,1004.0,1,1
2022-11-22,2.1,-0.5,5.2,1.2,0.7,91,100,10.0,999.3,1,0
2022-11-23,4.1,0.9,8.1,3.0,2.4,89,52,10.8,1002.9,0,0
2022-11-24,5.0,2.8,8.6,4.1,3.6,91,61,9.2,1011.1,1,0
2022-11-25,4.4,1.1,6.9,3.7,3.5,94,77,9.1,1017.7,1,0
2022-11-26,5.5,2.1,7.7,4.8,4.5,94,96,10.3,1029.2,0,0
2022-11-27,3.6,1.4,6.2,2.6,2.1,90,94,7.7,1025.8,0,0
2022-11-28,3.7,2.7,5.2,2.2,1.3,84,100,7.8,1015.0,1,0
2022-11-29,4.8,3.0,6.1,4.3,4.1,96,100,3.0,1017.7,1,0
2022-11-30,4.4,2.0,6.3,3.9,3.7,96,98,6.4,1023.5,0,0
2022-12-01,0.8,-0.7,3.0,0.0,-0.3,93,93,9.1,1027.4,1,1
2022-12-02,-0.3,-1.6,0.6,-1.4,-2.1,88,100,15.0,1025.1,1,1
2022-12-03,-2.2,-2.8,-1.6,-3.1,-3.5,91,100,12.8,1022.9,1,1
2022-12-04,0.3,-1.5,1.5,-0.3,-0.5,94,100,13.9,1018.6,0,0
2022-12-05,1.3,0.6,2.2,0.7,0.4,94,100,6.3,1018.3,1,1
2022-12-06,1.1,0.5,1.8,0.8,0.7,97,100,11.8,1017.7,1,1
2022-12-07,1.8,1.1,3.0,1.1,0.8,93,97,16.5,1013.7,1,0
2022-12-08,1.3,0.6,2.5,0.7,0.5,95,99,11.5,1008.4,1,1
2022-12-09,0.0,-1.2,1.5,-0.6,-0.9,94,99,5.0,1007.4,1,1
2022-12-10,-1.3,-2.7,-0.5,-2.2,-2.8,90,100,3.9,1010.2,1,1
2022-12-11,-3.4,-5.8,-2.3,-4.8,-6.1,81,89,6.1,1011.6,1,1
2022-12-12,-5.4,-8.2,-1.9,-6.5,-7.5,85,65,4.9,1013.6,0,0
2022-12-13,-7.1,-9.9,-2.6,-8.3,-9.5,84,28,4.6,1013.3,0,0
2022-12-14,-5.0,-6.4,-2.5,-6.6,-8.4,78,86,7.6,1005.5,1,1
2022-12-15,-6.0,-8.1,-1.4,-7.3,-8.4,84,6,7.3,1009.2,0,0
2022-12-16,-4.8,-7.9,-0.9,-5.9,-6.8,86,20,4.6,1014.9,0,0
2022-12-17,-5.7,-8.2,-1.2,-6.6,-7.2,89,48,5.6,1027.2,0,0
2022-12-18,-6.2,-9.5,-2.8,-7.7,-9.3,80,68,8.8,1031.8,0,0
2022-12-19,1.1,-2.7,4.1,-0.4,-1.7,82,100,13.6,1023.1,1,0
2022-12-20,5.9,3.2,8.4,4.4,3.6,85,99,17.3,1016.6,1,0
2022-12-21,6.9,4.8,8.9,6.2,5.9,94,95,14.4,1011.4,1,0
2022-12-22,6.7,3.5,8.1,6.1,5.8,94,87,14.7,1005.6,1,0
2022-12-23,7.3,6.5,8.9,6.6,6.3,93,92,15.6,1004.2,1,0
2022-12-24,7.0,2.2,9.1,5.9,5.4,89,64,18.2,1011.6,1,0
2022-12-25,6.8,1.7,9.9,6.1,5.8,94,97,12.8,1015.2,1,0
2022-12-26,8.3,3.6,10.1,7.1,6.6,89,92,18.9,1013.4,1,0
2022-12-27,2.9,1.1,4.8,1.4,0.4,84,56,19.5,1024.0,1,0
2022-12-28,5.3,1.8,7.8,3.8,2.9,85,100,21.5,1015.0,1,0
2022-12-29,8.6,6.0,10.1,6.4,5.1,78,84,24.3,1006.6,1,0
2022-12-30,6.3,3.4,10.1,4.5,3.4,82,68,20.5,1011.0,1,0
2022-12-31,13.5,10.6,16.5,10.9,9.4,76,100,27.4,1009.5,1,0
2023-01-01,12.3,10.8,14.6,9.0,6.6,68,93,19.7,1016.3,1,0
2023-01-02,10.9,6.9,13.1,8.0,6.1,73,98,17.8,1017.2,1,0
2023-01-03,5.5,3.6,7.0,4.4,3.8,89,48,12.9,1027.9,1,0
2023-01-04,7.1,4.6,9.9,5.8,5.1,87,94,26.8,1018.1,1,0
2023-01-05,7.7,6.7,9.4,6.5,6.0,89,90,22.7,1017.4,1,0
2023-01-06,8.3,6.8,9.8,7.3,6.9,91,98,15.2,1019.0,1,0
2023-01-07,7.4,5.4,9.7,6.1,5.4,87,99,13.2,1015.8,1,0
2023-01-08,7.3,5.7,8.6,5.9,5.0,85,90,14.5,1005.1,1,0
2023-01-09,5.5,3.9,7.1,4.2,3.4,87,78,15.8,1000.5,1,0
2023-01-10,4.4,3.7,6.0,2.9,2.0,84,100,16.8,1016.7,1,0
2023-01-11,6.2,4.1,8.2,5.1,4.5,89,85,21.2,1012.4,1,0
2023-01-12,7.1,4.8,8.2,5.8,5.1,87,99,28.0,1009.5,1,0
2023-01-13,7.1,5.3,8.8,5.3,4.1,82,85,23.5,1007.9,1,0
2023-01-14,5.9,3.2,8.6,4.5,3.6,85,90,23.9,1009.7,1,0
2023-01-15,5.1,3.2,8.9,3.3,1.9,80,74,23.3,1001.1,1,0
2023-01-16,3.0,2.0,4.2,1.0,-0.6,77,94,19.7,990.7,1,1
2023-01-17,0.8,-4.0,2.9,-0.7,-1.9,83,86,15.5,986.6,1,1
2023-01-18,-2.1,-3.8,1.1,-3.8,-5.5,78,90,7.0,996.1,0,0
2023-01-19,-1.2,-3.0,0.9,-2.5,-3.3,86,73,16.0,1005.7,1,1
2023-01-20,-1.8,-4.9,1.2,-3.0,-3.8,87,70,4.7,1016.8,0,0
2023-01-21,-1.6,-4.1,0.3,-2.8,-3.7,86,99,8.7,1028.1,1,1
2023-01-22,0.1,-0.2,0.5,-1.0,-1.7,88,100,9.3,1029.9,1,1
2023-01-23,0.3,-0.6,1.5,-0.3,-0.5,95,100,10.9,1036.7,1,1
2023-01-24,0.2,-0.5,1.2,-0.7,-1.2,90,100,11.6,1039.3,0,0
2023-01-25,-0.9,-2.3,0.1,-1.6,-2.0,92,100,5.9,1033.1,0,0
2023-01-26,-2.4,-4.0,-1.2,-3.2,-3.7,91,100,7.6,1023.5,0,0
2023-01-27,0.5,-1.5,2.6,-0.7,-1.4,87,100,7.2,1024.6,0,0
2023-01-28,-2.6,-5.3,0.1,-3.9,-5.0,84,63,4.9,1029.5,0,0
2023-01-29,-1.2,-4.1,0.2,-3.1,-4.8,76,98,12.6,1026.8,0,0
2023-01-30,2.2,-0.4,3.7,1.0,0.2,87,88,27.1,1014.4,1,1
2023-01-31,2.5,1.2,4.2,1.6,1.1,90,90,24.6,1019.3,1,0
2023-02-01,3.0,2.0,4.8,1.9,1.2,88,93,26.1,1015.4,1,1
2023-02-02,2.2,1.0,3.5,1.5,1.1,93,96,18.0,1021.0,1,1
2023-02-03,5.7,4.4,6.8,4.5,3.9,88,100,28.7,1020.6,1,0
2023-02-04,1.2,-2.3,4.3,-0.4,-1.7,82,75,8.7,1035.3,1,0
2023-02-05,-1.3,-4.1,1.1,-2.4,-3.2,87,86,6.1,1037.9,1,1
2023-02-06,0.4,-2.5,2.2,-0.8,-1.7,86,79,11.0,1040.4,1,1
2023-02-07,-2.8,-5.4,1.7,-4.4,-6.1,79,58,7.2,1042.2,0,0
2023-02-08,-2.7,-5.3,2.8,-4.9,-7.7,71,10,8.8,1040.1,0,0
2023-02-09,-2.4,-6.6,2.6,-5.0,-8.5,64,56,8.2,1034.4,0,0
2023-02-10,1.1,-2.0,4.4,-0.7,-2.3,78,83,13.1,1036.3,0,0
2023-02-11,4.2,-0.2,6.3,3.2,2.6,90,100,18.7,1033.4,1,0
2023-02-12,5.6,4.4,7.2,5.2,5.1,96,100,8.1,1038.5,1,0
2023-02-13,4.2,0.2,7.7,3.3,2.8,91,70,5.0,1038.7,0,0
2023-02-14,2.0,-2.3,8.7,1.1,0.7,91,2,4.6,1035.8,0,0
2023-02-15,1.4,-3.2,8.4,-0.6,-2.2,78,24,7.6,1028.9,0,0
2023-02-16,3.5,-0.9,8.5,1.7,0.3,80,88,10.6,1024.9,1,0
2023-02-17,8.6,4.8,12.4,7.3,6.6,87,100,25.6,1018.1,1,0
2023-02-18,8.3,6.6,9.6,6.9,6.3,87,100,25.0,1017.5,1,0
2023-02-19,5.7,3.8,7.9,4.7,4.2,90,100,14.1,1020.2,1,0
2023-02-20,6.5,3.8,9.8,4.8,3.7,83,100,21.5,1020.8,1,0
2023-02-21,8.2,6.8,10.4,6.6,5.6,84,100,16.7,1018.1,1,0
2023-02-22,8.2,5.2,13.1,7.0,6.3,88,96,7.1,1014.6,0,0
2023-02-23,6.9,5.2,9.2,6.3,6.0,94,100,8.5,1013.3,1,0
2023-02-24,2.8,1.9,5.3,1.9,1.3,90,98,17.6,1006.6,1,1
2023-02-25,0.7,-3.5,2.3,-1.1,-2.9,78,72,20.4,1006.1,1,1
2023-02-26,-1.9,-4.6,1.2,-4.0,-6.4,73,65,10.2,1021.5,1,1
2023-02-27,-1.5,-5.6,2.2,-3.6,-5.9,73,50,7.2,1029.4,0,0
2023-02-28,-1.1,-3.9,2.5,-3.4,-6.1,70,46,9.6,1031.5,0,0
2023-03-01,-0.5,-4.7,5.1,-3.3,-7.0,64,11,11.1,1028.7,0,0
2023-03-02,1.3,-2.1,7.2,-1.3,-4.2,68,0,12.5,1024.2,0,0
2023-03-03,-0.5,-3.2,3.2,-1.5,-2.2,89,74,6.6,1024.5,0,0
2023-03-04,2.0,-0.3,3.9,0.9,0.4,89,96,18.8,1021.1,1,0
2023-03-05,1.5,0.1,3.2,-0.1,-1.3,82,100,16.7,1014.8,1,1
2023-03-06,0.2,-2.2,2.7,-1.1,-2.0,85,96,11.9,1005.4,1,1
2023-03-07,1.2,-0.2,3.1,0.2,-0.5,89,100,18.1,997.7,1,1
2023-03-08,-0.2,-1.9,1.2,-0.7,-1.0,94,97,9.1,997.4,1,1
2023-03-09,1.8,-0.2,5.8,1.3,1.1,95,100,8.3,995.7,1,1
2023-03-10,7.7,0.3,10.9,6.1,5.2,85,91,20.2,988.8,1,1
2023-03-11,-0.2,-2.1,2.7,-2.4,-5.0,71,78,19.2,1007.7,1,1
2023-03-12,1.3,-2.8,6.1,-0.6,-2.4,76,94,12.7,1011.4,1,1
2023-03-13,9.9,5.2,13.8,8.2,7.3,84,100,22.4,1000.2,1,0
2023-03-14,6.9,1.0,12.6,5.0,3.7,80,91,22.8,996.4,1,0
2023-03-15,1.1,-3.0,4.4,-1.3,-3.8,71,63,13.3,1016.2,1,1
2023-03-16,1.7,-3.8,6.8,-1.0,-3.8,69,97,10.6,1020.5,0,0
2023-03-17,6.8,0.2,14.2,3.4,0.3,64,99,9.1,1012.5,0,0
2023-03-18,10.6,5.6,16.2,7.9,6.1,75,70,9.3,1012.1,1,0
2023-03-19,9.1,4.2,14.8,7.5,6.6,85,82,6.9,1014.9,1,0
2023-03-20,7.7,6.2,10.1,6.4,5.6,87,86,10.6,1018.6,1,0
2023-03-21,8.6,6.4,12.6,6.7,5.5,82,96,10.5,1015.9,1,0
2023-03-22,10.1,6.3,13.9,7.4,5.4,74,97,17.1,1010.3,1,0
2023-03-23,11.5,9.6,14.4,8.7,6.8,74,99,19.9,1006.4,1,0
2023-03-24,11.0,7.2,13.9,8.3,6.3,74,78,18.9,1003.4,1,0
2023-03-25,7.9,5.8,11.0,5.4,3.7,76,80,22.4,1004.7,1,1
2023-03-26,6.2,4.4,8.9,4.8,3.9,86,96,12.5,1004.6,1,0
2023-03-27,1.8,-1.4,5.0,-0.4,-2.5,73,59,18.4,1015.8,1,1
2023-03-28,2.5,-0.2,6.3,-0.2,-3.0,68,91,15.8,1024.3,1,0
2023-03-29,6.8,2.1,11.1,4.4,2.6,75,98,11.9,1016.8,1,0
2023-03-30,11.2,7.8,14.7,8.5,6.8,75,73,18.7,1007.9,1,0
2023-03-31,9.1,7.8,11.7,7.4,6.5,84,88,15.1,1000.4,1,0
2023-04-01,8.5,5.9,10.9,7.1,6.3,86,100,12.5,999.9,1,0
2023-04-02,3.1,1.0,5.1,1.1,-0.7,77,87,15.6,1020.4,1,0
2023-04-03,0.8,-2.9,4.1,-2.0,-5.3,65,51,13.5,1031.6,0,0
2023-04-04,0.5,-4.8,5.2,-2.2,-5.4,66,83,6.8,1028.8,0,0
2023-04-05,1.4,-2.9,5.9,-1.5,-5.0,64,53,5.0,1023.9,0,0
2023-04-06,3.8,-3.3,11.8,0.5,-3.2,63,35,7.9,1019.5,0,0
2023-04-07,4.7,-2.2,11.3,1.6,-1.3,67,34,9.2,1018.7,0,0
2023-04-08,5.2,1.9,9.6,3.6,2.6,84,88,7.7,1024.4,1,0
2023-04-09,6.2,1.5,11.4,4.1,2.3,78,59,7.3,1026.7,1,0
2023-04-10,9.0,1.8,14.9,5.7,3.0,68,88,12.7,1020.7,0,0
2023-04-11,7.8,2.5,11.1,4.9,2.5,71,57,17.1,1012.0,1,1
2023-04-12,6.2,1.6,9.2,4.6,3.5,83,90,13.3,1004.1,1,0
2023-04-13,6.3,3.2,10.9,4.4,3.1,81,63,13.8,1004.9,1,1
2023-04-14,6.4,1.5,11.1,4.5,3.2,81,100,5.4,1009.4,1,0
2023-04-15,6.0,3.5,7.8,5.4,5.2,95,100,12.4,1009.9,1,0
2023-04-16,8.0,7.0,10.0,7.1,6.6,91,100,9.5,1019.7,1,0
2023-04-17,8.2,4.8,11.7,5.7,3.7,76,69,10.1,1024.9,1,0
2023-04-18,7.8,4.2,10.9,5.8,4.5,80,99,15.0,1027.4,1,0
2023-04-19,7.1,3.3,11.1,3.5,-0.0,62,64,13.7,1024.9,1,0
2023-04-20,6.0,3.0,8.9,4.1,2.8,81,100,16.6,1019.2,1,0
2023-04-21,11.8,6.9,17.0,8.6,6.4,71,34,18.8,1014.9,0,0
2023-04-22,14.0,6.9,20.4,10.0,7.3,66,81,11.2,1010.1,1,0
2023-04-23,13.1,10.0,16.4,9.9,7.7,71,83,10.2,1006.9,1,0
2023-04-24,9.3,5.9,11.7,6.9,5.1,76,73,20.0,1005.0,1,0
2023-04-25,5.7,2.5,8.1,3.1,0.8,72,67,16.8,1011.9,1,0
2023-04-26,3.8,-0.2,7.1,1.3,-0.9,73,62,11.7,1018.8,1,0
2023-04-27,5.3,-0.1,10.2,2.3,-0.5,68,69,6.6,1020.8,0,0
2023-04-28,8.9,4.2,13.4,7.1,5.9,82,97,10.5,1013.9,1,0
2023-04-29,10.3,5.6,12.4,8.5,7.5,84,79,13.8,1016.2,1,0
2023-04-30,8.1,2.3,14.8,5.4,3.3,74,13,5.6,1022.9,0,0
2023-05-01,10.1,3.5,17.0,6.7,4.0,68,89,7.5,1016.7,0,0
2023-05-02,8.3,3.3,10.8,6.3,4.8,79,67,13.3,1022.5,1,0
2023-05-03,6.7,0.2,12.5,4.0,1.9,73,21,5.8,1028.4,0,0
2023-05-04,10.0,2.7,16.7,6.8,4.4,70,89,10.2,1022.8,0,0
2023-05-05,13.3,6.3,19.8,10.5,8.8,76,94,6.1,1017.0,1,0
2023-05-06,12.9,9.6,17.2,10.6,9.2,80,93,10.4,1017.8,0,0
2023-05-07,9.7,8.1,12.6,7.8,6.6,81,99,18.5,1021.4,0,0
2023-05-08,11.1,5.4,16.8,8.3,6.6,75,65,13.0,1023.5,0,0
2023-05-09,13.6,6.3,19.8,9.4,6.3,64,56,13.5,1015.8,0,0
2023-05-10,12.1,10.2,15.5,10.4,9.4,84,100,8.9,1010.8,1,0
2023-05-11,12.2,9.9,15.4,11.3,10.9,92,99,5.3,1014.3,1,0
2023-05-12,13.7,8.1,19.5,10.4,8.1,73,35,9.7,1017.4,1,0
2023-05-13,13.1,7.3,18.0,9.4,6.8,68,9,10.6,1019.9,1,0
2023-05-14,13.0,8.1,18.9,9.9,7.9,73,22,8.1,1017.1,1,0
2023-05-15,12.7,7.1,17.8,9.6,7.5,72,34,12.2,1011.5,1,0
2023-05-16,9.5,6.0,12.8,6.5,3.9,71,84,17.0,1017.4,1,0
2023-05-17,7.9,4.1,11.9,4.9,2.3,70,66,13.3,1024.7,0,0
2023-05-18,8.8,2.0,14.1,5.4,2.5,66,97,8.8,1027.7,0,0
2023-05-19,12.1,7.1,16.5,7.9,4.5,61,85,12.7,1025.3,0,0
2023-05-20,13.3,9.2,16.6,10.5,8.9,75,98,17.5,1022.1,1,0
2023-05-21,18.1,12.2,24.0,14.2,11.9,70,59,14.8,1016.4,1,0
2023-05-22,18.9,13.6,24.9,15.3,13.3,72,82,9.9,1014.1,1,0
2023-05-23,12.4,7.8,14.9,10.7,9.6,84,87,18.0,1017.0,1,0
2023-05-24,8.8,4.6,12.2,6.5,5.0,78,66,11.4,1022.8,1,0
2023-05-25,11.0,4.3,16.6,8.7,7.2,79,44,6.5,1026.0,0,0
2023-05-26,12.0,6.0,17.5,9.1,7.1,74,27,8.2,1027.7,0,0
2023-05-27,12.4,5.8,18.2,9.0,6.6,69,5,9.4,1026.4,0,0
2023-05-28,14.6,6.6,21.5,10.3,7.3,64,12,7.1,1020.3,0,0
2023-05-29,14.6,9.1,19.0,10.7,8.1,66,59,5.8,1021.9,1,0
2023-05-30,13.2,6.3,18.9,9.4,6.7,67,51,7.9,1024.7,0,0
2023-05-31,16.4,9.7,22.1,11.6,8.2,60,26,7.7,1023.7,0,0
2023-06-01,13.1,8.6,17.8,10.3,8.5,75,37,13.6,1019.8,0,0
2023-06-02,12.1,6.2,17.0,8.5,5.8,67,48,10.5,1020.3,0,0
2023-06-03,13.1,6.9,18.5,7.7,2.7,50,20,11.7,1022.1,0,0
2023-06-04,14.6,7.1,20.8,8.9,3.9,51,0,8.6,1021.5,0,0
2023-06-05,16.6,7.8,22.5,10.2,5.0,48,3,9.1,1020.2,0,0
2023-06-06,17.1,12.1,20.7,12.0,8.3,57,76,7.1,1019.2,1,0
2023-06-07,17.7,11.4,22.6,13.8,11.4,68,86,9.4,1018.9,1,0
2023-06-08,18.7,13.2,24.8,14.8,12.5,69,65,7.4,1016.7,1,0
2023-06-09,20.0,14.4,25.0,14.7,11.3,59,28,10.9,1015.7,1,0
2023-06-10,20.2,14.4,25.5,15.0,11.9,60,12,12.2,1016.7,1,0
2023-06-11,19.8,14.6,24.9,13.7,9.3,54,9,11.0,1018.6,0,0
2023-06-12,19.0,13.1,23.8,12.7,7.8,51,1,12.2,1018.0,0,0
2023-06-13,18.3,10.9,23.6,11.5,6.0,48,29,10.5,1015.3,0,0
2023-06-14,16.0,11.0,20.3,11.2,7.7,59,31,13.3,1018.0,0,0
2023-06-15,17.7,11.4,22.4,11.9,7.4,54,44,7.4,1018.6,0,0
2023-06-16,16.3,11.7,21.2,12.9,10.8,71,65,8.0,1017.0,1,0
2023-06-17,18.0,12.8,23.0,13.5,10.5,64,32,10.5,1014.9,0,0
2023-06-18,20.5,13.4,25.9,14.3,10.0,54,37,4.8,1014.1,0,0
2023-06-19,22.6,17.5,28.0,16.5,12.9,55,96,8.3,1012.7,1,0
2023-06-20,21.3,17.8,26.8,18.4,17.1,78,96,7.4,1013.1,1,0
2023-06-21,21.7,17.9,26.1,18.0,16.1,73,78,8.9,1016.5,1,0
2023-06-22,20.8,17.1,27.5,18.2,17.0,80,86,11.1,1016.5,1,0
2023-06-23,16.9,14.9,19.5,15.8,15.4,91,81,13.8,1017.3,1,0
2023-06-24,18.4,12.2,23.5,14.8,12.7,72,20,7.9,1024.4,0,0
2023-06-25,20.7,13.4,26.0,16.5,14.2,69,16,4.6,1019.5,1,0
2023-06-26,20.7,15.4,26.9,16.1,13.5,65,54,13.6,1015.1,1,0
2023-06-27,16.2,12.3,20.1,12.0,9.1,65,42,14.7,1018.6,1,0
2023-06-28,16.5,10.8,21.4,12.5,9.8,67,21,8.7,1018.3,0,0
2023-06-29,19.0,12.9,24.2,15.4,13.4,72,77,5.4,1015.2,1,0
2023-06-30,16.9,13.7,18.7,14.6,13.4,81,90,9.9,1011.9,1,0
2023-07-01,16.5,10.6,21.7,13.2,11.2,72,84,15.5,1007.1,1,0
2023-07-02,16.7,13.9,19.5,12.9,10.4,69,58,19.5,1008.7,1,0
2023-07-03,16.3,13.4,19.2,11.5,8.1,60,46,17.4,1010.9,0,0
2023-07-04,17.2,13.8,21.2,12.0,8.3,57,52,17.0,1012.8,1,0
2023-07-05,16.8,13.6,19.3,12.4,9.3,63,64,20.1,1011.2,1,0
2023-07-06,16.7,11.6,20.8,12.2,9.1,63,31,9.3,1018.2,0,0
2023-07-07,19.2,9.4,26.4,13.4,9.4,57,2,6.1,1021.2,0,0
2023-07-08,23.0,13.9,29.9,15.7,11.0,50,39,6.0,1019.5,0,0
2023-07-09,25.3,15.1,32.0,17.6,13.0,50,58,4.3,1019.4,0,0
2023-07-10,21.7,17.9,24.5,17.3,14.9,66,64,12.4,1019.4,1,0
2023-07-11,23.6,13.9,30.6,17.6,14.2,59,53,7.5,1014.8,0,0
2023-07-12,22.0,17.3,25.1,16.2,12.6,56,68,17.0,1010.6,1,0
2023-07-13,18.0,14.1,22.1,13.3,10.2,63,46,11.5,1016.4,1,0
2023-07-14,19.7,12.6,25.5,13.9,9.9,57,53,7.8,1016.1,1,0
2023-07-15,23.3,15.0,30.8,17.2,13.6,57,67,11.6,1009.5,1,0
2023-07-16,20.6,16.0,24.2,15.2,11.5,59,41,16.6,1014.1,1,0
2023-07-17,18.9,14.2,23.4,13.0,8.8,54,33,14.4,1018.3,1,0
2023-07-18,17.9,11.1,22.9,12.9,9.3,61,51,7.3,1019.5,0,0
2023-07-19,17.7,12.4,22.2,13.7,11.3,67,74,9.5,1013.0,1,0
2023-07-20,16.0,12.3,20.2,12.5,10.1,71,69,10.4,1013.9,1,0
2023-07-21,14.7,10.8,19.9,12.3,11.0,79,86,7.0,1011.8,1,0
2023-07-22,16.1,11.0,21.1,12.0,9.3,66,64,11.0,1014.0,1,0
2023-07-23,18.1,14.1,22.0,14.2,11.9,68,100,14.4,1010.0,1,0
2023-07-24,19.0,14.6,24.6,16.0,14.5,76,72,15.2,1004.3,1,0
2023-07-25,14.7,12.6,17.0,12.3,10.8,79,90,11.3,1006.0,1,0
2023-07-26,14.0,9.6,18.2,10.5,8.0,69,59,12.5,1011.9,1,0
2023-07-27,14.7,10.6,17.5,13.0,12.2,85,95,14.1,1008.7,1,0
2023-07-28,19.1,16.1,23.4,16.4,15.1,79,85,15.5,1007.2,1,0
2023-07-29,18.4,16.0,23.0,16.4,15.5,84,73,12.0,1008.5,1,0
2023-07-30,17.3,14.6,20.8,14.0,12.1,73,72,14.3,1011.5,1,0
2023-07-31,17.2,14.9,20.2,14.6,13.4,79,100,21.7,1008.6,1,0
2023-08-01,16.9,14.8,20.1,14.1,12.5,76,76,19.6,1000.3,1,0
2023-08-02,16.6,13.9,20.4,14.5,13.4,81,78,18.5,998.2,1,0
2023-08-03,17.1,14.9,19.5,14.5,13.1,78,54,25.5,999.4,1,0
2023-08-04,16.4,13.4,20.1,13.8,12.3,78,78,10.5,1012.0,1,0
2023-08-05,16.0,10.7,20.9,13.3,11.6,77,60,5.3,1013.2,1,0
2023-08-06,15.6,12.6,19.2,13.5,12.3,82,97,8.7,1005.3,1,0
2023-08-07,13.6,12.1,15.4,11.6,10.6,82,71,22.7,1010.7,1,0
2023-08-08,13.9,10.8,17.5,10.8,8.9,73,74,20.1,1013.0,1,0
2023-08-09,14.7,11.6,18.5,11.1,8.5,69,67,10.3,1015.7,1,0
2023-08-10,15.5,9.2,20.7,11.6,9.0,68,16,7.2,1021.1,0,0
2023-08-11,19.4,11.2,26.5,14.9,12.3,65,23,4.9,1021.4,0,0
2023-08-12,19.7,15.8,26.1,17.7,16.9,85,77,8.6,1017.3,1,0
2023-08-13,19.2,14.6,24.3,16.6,15.3,80,77,5.2,1017.9,1,0
2023-08-14,20.1,13.7,26.1,17.7,16.7,82,71,7.4,1016.2,1,0
2023-08-15,21.5,17.0,28.1,19.0,17.8,81,58,6.1,1016.4,1,0
2023-08-16,20.1,15.8,24.9,18.3,17.5,86,72,5.9,1020.0,1,0
2023-08-17,20.6,17.9,24.6,18.4,17.4,83,92,8.8,1018.3,1,0
2023-08-18,22.0,16.7,27.2,19.4,18.3,81,31,7.2,1017.5,0,0
2023-08-19,23.0,16.5,30.5,19.9,18.6,79,52,8.4,1017.5,1,0
2023-08-20,22.5,19.7,26.9,20.2,19.2,83,57,5.5,1021.9,1,0
2023-08-21,21.8,16.5,26.5,18.4,16.7,75,30,4.6,1022.5,1,0
2023-08-22,20.4,15.9,24.8,16.9,15.2,73,55,7.3,1020.2,1,0
2023-08-23,19.6,13.2,24.1,15.8,13.7,71,7,7.0,1020.2,0,0
2023-08-24,20.8,13.2,27.1,17.1,15.3,73,72,5.1,1015.9,1,0
2023-08-25,20.8,17.5,25.0,18.5,17.4,82,64,8.6,1009.7,1,0
2023-08-26,18.1,12.9,21.2,14.6,12.3,71,58,10.7,1011.1,1,0
2023-08-27,16.0,12.7,21.1,12.7,10.8,72,88,7.6,1010.2,1,0
2023-08-28,14.5,10.1,18.2,11.5,9.6,74,86,6.9,1011.8,0,0
2023-08-29,14.5,11.6,17.5,11.9,10.5,78,95,7.0,1010.3,1,0
2023-08-30,14.5,9.4,19.0,11.8,10.2,78,79,8.0,1007.7,1,0
2023-08-31,13.5,10.2,17.4,10.7,8.9,76,46,14.8,1010.6,1,0
2023-09-01,14.0,9.2,18.5,12.4,11.6,86,94,5.8,1014.5,1,0
2023-09-02,16.0,11.1,21.1,14.1,13.1,85,79,5.6,1020.9,1,0
2023-09-03,15.7,12.1,19.5,13.3,11.9,80,97,7.4,1027.2,0,0
2023-09-04,16.4,9.6,22.4,13.1,11.3,74,37,8.1,1028.0,0,0
2023-09-05,18.6,11.9,25.9,15.3,13.6,75,38,6.9,1023.4,0,0
2023-09-06,19.6,12.9,26.8,15.3,12.8,68,0,7.6,1022.3,0,0
2023-09-07,19.9,13.2,26.7,15.4,12.9,66,0,10.9,1022.2,0,0
2023-09-08,19.2,12.5,27.0,15.4,13.3,72,0,7.9,1019.8,0,0
2023-09-09,20.5,12.7,27.7,15.6,12.7,64,5,4.1,1017.9,0,0
2023-09-10,21.5,15.8,27.4,16.5,13.6,63,1,4.6,1018.1,0,0
2023-09-11,21.2,13.8,28.1,17.1,14.9,69,26,5.3,1014.5,0,0
2023-09-12,21.0,15.8,27.0,17.9,16.3,76,71,5.9,1012.7,1,0
2023-09-13,16.7,11.2,20.7,15.1,14.3,86,76,14.3,1015.4,1,0
2023-09-14,12.7,8.2,17.5,9.9,8.0,75,16,5.0,1023.1,0,0
2023-09-15,14.9,8.7,20.9,12.0,10.3,75,9,10.0,1020.4,0,0
2023-09-16,16.6,9.7,23.8,13.8,12.2,77,31,6.5,1016.2,0,0
2023-09-17,18.9,12.8,25.9,15.9,14.5,77,55,7.8,1014.8,1,0
2023-09-18,18.7,15.3,22.4,16.3,15.2,81,88,12.8,1008.6,0,0
2023-09-19,16.1,13.7,18.6,12.2,9.5,66,59,18.5,1011.1,0,0
2023-09-20,17.6,14.1,22.6,13.8,11.6,69,59,14.7,1010.5,0,0
2023-09-21,18.0,13.3,23.0,15.0,13.5,75,58,9.1,1002.5,1,0
2023-09-22,14.9,13.0,17.5,12.6,11.3,80,71,12.5,1003.5,1,0
2023-09-23,12.8,9.9,16.1,9.7,7.7,72,33,14.4,1014.4,1,0
2023-09-24,12.7,9.3,17.5,10.1,8.3,76,38,6.4,1026.3,0,0
2023-09-25,12.6,7.4,19.1,9.9,8.2,77,51,7.3,1025.6,0,0
2023-09-26,14.4,7.6,22.1,12.0,10.7,80,29,5.9,1022.5,0,0
2023-09-27,16.5,10.6,23.2,14.2,13.0,81,54,5.9,1020.3,0,0
2023-09-28,18.2,12.6,24.8,15.2,13.6,76,78,5.7,1017.6,0,0
2023-09-29,18.4,13.4,24.8,15.5,14.0,76,81,12.5,1017.8,1,0
2023-09-30,13.6,10.5,17.8,11.0,9.4,78,74,9.7,1026.0,0,0
2023-10-01,15.0,9.7,20.5,11.5,9.4,70,78,8.5,1024.6,0,0
2023-10-02,17.6,12.2,24.1,14.2,12.3,72,63,7.5,1021.0,0,0
2023-10-03,16.2,10.8,21.8,13.2,11.5,75,78,19.5,1015.1,1,0
2023-10-04,12.6,10.4,15.5,9.9,8.3,76,66,17.4,1025.7,1,0
2023-10-05,13.0,10.6,15.6,10.3,8.7,75,96,16.6,1024.4,1,0
2023-10-06,13.7,9.9,17.8,10.8,8.9,74,76,14.1,1024.1,0,0
2023-10-07,15.5,12.2,19.0,12.8,11.3,77,98,21.2,1020.0,1,0
2023-10-08,12.4,9.9,16.2,10.6,9.6,83,97,9.0,1024.4,1,0
2023-10-09,13.8,10.4,15.6,12.7,12.2,90,99,13.8,1019.1,1,0
2023-10-10,16.7,14.1,21.2,14.5,13.3,82,94,10.7,1019.2,1,0
2023-10-11,18.3,14.5,22.4,13.5,10.5,61,93,17.9,1014.0,0,0
2023-10-12,15.8,14.3,18.1,13.6,12.4,82,100,14.9,1013.7,1,0
2023-10-13,18.1,14.7,21.9,15.1,13.5,76,82,18.8,1009.6,1,0
2023-10-14,13.0,7.4,19.0,9.8,7.5,70,59,22.6,1009.0,1,0
2023-10-15,6.4,4.6,8.3,4.2,2.6,77,42,17.6,1018.9,1,0
2023-10-16,6.0,3.3,9.3,4.4,3.3,83,83,10.2,1022.6,0,0
2023-10-17,5.6,1.9,10.1,4.2,3.4,87,62,7.8,1021.0,1,0
2023-10-18,5.8,1.8,9.9,4.0,2.9,83,91,14.0,1012.3,0,0
2023-10-19,10.6,6.2,14.6,9.7,9.3,92,100,8.2,996.7,1,0
2023-10-20,9.3,7.8,11.6,8.9,8.7,96,99,17.3,987.1,1,0
2023-10-21,12.7,9.8,16.3,10.3,9.0,79,56,14.1,996.3,1,0
2023-10-22,11.5,9.4,13.8,9.1,7.6,77,60,14.1,1008.3,0,0
2023-10-23,11.1,8.1,14.9,9.2,8.1,83,77,7.7,1013.5,1,0
2023-10-24,11.4,8.9,14.4,10.1,9.5,89,92,9.6,1005.3,1,0
2023-10-25,9.6,6.8,12.6,8.2,7.5,88,94,10.4,1000.3,1,0
2023-10-26,9.3,4.8,11.1,8.2,7.7,90,85,10.7,995.2,1,0
2023-10-27,8.9,6.1,10.4,8.1,7.7,92,93,8.1,994.3,1,0
2023-10-28,9.5,8.2,11.8,8.4,7.8,90,88,13.0,1000.0,1,0
2023-10-29,12.0,9.4,14.9,10.1,9.0,82,98,19.8,999.5,1,0
2023-10-30,11.6,10.6,14.3,10.0,9.2,85,95,12.5,1001.9,1,0
2023-10-31,10.1,7.8,11.6,8.4,7.4,84,82,17.8,1000.9,1,0
2023-11-01,10.9,8.5,13.2,9.0,8.0,83,93,16.0,1004.5,1,0
2023-11-02,10.3,8.1,13.2,7.6,5.7,74,87,19.5,989.9,1,0
2023-11-03,8.0,5.9,10.4,5.5,3.7,75,84,16.0,987.6,0,0
2023-11-04,7.3,4.9,10.0,5.0,3.4,77,90,19.7,986.8,1,0
2023-11-05,9.1,8.2,11.0,7.3,6.2,82,89,22.0,980.9,1,0
2023-11-06,9.0,7.7,11.4,6.6,5.0,76,45,22.7,1001.6,1,0
2023-11-07,7.8,6.1,9.8,6.1,5.1,84,53,18.3,1010.8,1,0
2023-11-08,7.6,6.3,9.4,5.5,4.2,79,84,20.3,1013.1,1,0
2023-11-09,8.2,6.8,9.1,6.1,4.7,79,96,18.9,1005.0,1,0
2023-11-10,6.9,5.0,8.7,5.0,3.8,81,71,16.5,1000.1,1,0
2023-11-11,5.1,3.8,6.6,3.9,3.2,88,95,15.2,1002.7,1,1
2023-11-12,4.3,1.2,7.4,2.8,1.8,84,83,11.5,1008.3,0,0
2023-11-13,5.5,-0.2,12.1,4.6,4.2,92,82,12.9,1005.8,1,0
2023-11-14,9.6,8.3,11.1,7.7,6.6,82,80,24.7,1002.7,1,0
2023-11-15,7.8,6.1,8.9,6.7,6.2,90,72,20.7,1011.1,1,0
2023-11-16,6.0,2.5,7.6,4.5,3.7,85,93,12.7,1013.3,1,0
2023-11-17,3.1,1.4,5.8,1.9,1.1,87,87,14.6,1018.6,1,0
2023-11-18,4.0,1.7,6.2,2.8,2.1,88,95,10.4,1023.3,1,0
2023-11-19,8.7,4.9,11.4,7.1,6.1,84,74,20.0,1009.6,1,0
2023-11-20,8.4,5.2,9.6,7.0,6.2,87,80,18.1,1008.5,1,0
2023-11-21,5.1,1.1,7.8,4.1,3.5,89,93,6.4,1016.1,1,0
2023-11-22,-0.8,-3.2,1.1,-2.6,-4.3,77,77,8.0,1028.7,0,0
2023-11-23,5.9,0.3,9.2,4.3,3.1,82,100,25.9,1017.2,1,0
2023-11-24,3.2,0.8,7.4,2.0,1.3,87,84,25.8,1004.6,1,1
2023-11-25,0.3,-1.9,2.2,-0.7,-1.3,89,76,18.5,1007.7,1,1
2023-11-26,0.5,-2.4,2.7,-0.1,-0.3,95,88,12.0,1013.9,1,1
2023-11-27,1.5,0.4,2.3,1.0,0.8,95,100,12.4,1004.1,1,1
2023-11-28,-1.4,-4.1,0.5,-2.5,-3.4,86,91,11.4,1001.3,1,1
2023-11-29,-1.9,-3.8,1.0,-3.1,-4.0,86,90,16.8,1003.4,1,1
2023-11-30,-1.1,-2.5,-0.1,-1.8,-2.2,92,100,5.6,1003.4,1,1
2023-12-01,-3.0,-5.1,-1.0,-4.1,-5.0,87,93,4.4,1006.5,1,1
2023-12-02,-3.5,-5.3,-1.6,-4.8,-5.9,84,97,8.6,1012.5,1,1
2023-12-03,-2.4,-6.8,-0.4,-3.6,-4.4,86,90,12.0,1021.8,1,1
2023-12-04,-2.2,-4.3,-0.8,-3.8,-5.4,78,100,9.7,1015.1,1,1
2023-12-05,1.0,-1.7,3.5,-0.0,-0.6,89,99,11.9,1006.4,1,1
2023-12-06,0.8,0.1,1.7,0.3,0.1,95,100,11.2,1012.4,1,1
2023-12-07,0.0,-3.0,2.5,-0.8,-1.3,91,76,9.6,1020.2,0,0
2023-12-08,-0.1,-3.2,2.5,-1.1,-1.8,88,100,8.7,1012.5,1,1
2023-12-09,3.2,2.3,4.9,2.6,2.4,94,100,14.4,1008.7,1,0
2023-12-10,6.2,3.7,7.1,4.7,3.8,85,85,23.4,1003.1,1,1
2023-12-11,7.1,5.6,8.2,5.7,5.0,86,82,23.9,1001.1,1,1
2023-12-12,5.9,4.2,7.8,4.9,4.5,91,75,10.8,1006.3,1,0
2023-12-13,5.8,2.8,8.2,5.1,4.7,93,67,7.7,1000.0,1,0
2023-12-14,2.7,0.9,4.2,2.1,2.0,95,97,11.4,1015.7,1,0
2023-12-15,3.3,0.9,5.6,2.5,2.1,92,90,12.2,1032.9,1,0
2023-12-16,5.1,3.2,6.4,3.5,2.5,83,95,15.8,1038.7,0,0
2023-12-17,5.4,3.7,6.8,4.4,3.9,90,72,15.1,1036.7,0,0
2023-12-18,4.1,2.3,6.6,2.5,1.5,84,42,14.5,1031.2,0,0
2023-12-19,3.6,1.8,4.4,2.4,1.6,87,100,18.2,1020.5,1,0
2023-12-20,4.6,3.6,5.2,3.6,3.1,91,97,24.4,1011.5,1,0
2023-12-21,6.2,2.7,8.1,5.2,4.7,90,92,31.2,995.5,1,1
2023-12-22,3.2,1.9,4.6,2.0,1.3,87,93,29.4,996.8,1,1
2023-12-23,3.4,1.4,6.6,2.7,2.4,94,100,19.9,1003.8,1,1
2023-12-24,8.0,6.4,9.8,7.0,6.6,91,100,26.7,1003.7,1,0
2023-12-25,9.3,9.0,9.9,8.5,8.1,92,100,23.3,1005.5,1,0
2023-12-26,7.7,4.9,9.6,6.1,5.1,84,87,25.0,1011.4,1,0
2023-12-27,4.3,0.7,6.4,3.1,2.4,88,96,10.5,1019.6,1,0
2023-12-28,7.5,6.3,9.6,4.9,2.8,73,83,23.4,1013.4,1,0
2023-12-29,7.9,6.2,8.9,6.2,5.1,83,91,26.6,1009.3,1,0
2023-12-30,5.9,4.8,7.7,4.5,3.5,85,88,19.0,1012.6,1,0
2023-12-31,6.0,4.6,8.1,4.2,2.9,81,95,16.9,1005.8,1,0
2024-01-01,5.0,3.0,6.5,3.3,2.2,82,77,20.2,1006.1,1,0
2024-01-02,6.2,2.7,9.1,5.1,4.6,90,100,20.7,997.8,1,0
2024-01-03,7.9,6.7,9.2,6.2,5.3,84,77,24.5,991.5,1,0
2024-01-04,5.2,4.3,6.8,4.2,3.8,90,98,18.9,1000.1,1,1
2024-01-05,5.2,3.7,7.4,4.1,3.4,88,87,11.7,1003.0,1,0
2024-01-06,3.6,0.8,5.0,2.6,2.2,91,97,6.4,1008.5,1,1
2024-01-07,-2.3,-3.3,0.2,-4.0,-5.6,78,100,13.5,1022.3,1,1
2024-01-08,-6.2,-8.5,-2.8,-8.2,-11.6,66,33,15.6,1031.8,1,1
2024-01-09,-7.1,-9.2,-3.3,-9.3,-14.0,60,0,17.1,1035.6,0,0
2024-01-10,-6.6,-9.0,-2.2,-8.9,-13.2,60,0,12.0,1032.5,0,0
2024-01-11,-5.1,-9.4,-1.3,-6.6,-8.5,79,58,8.3,1032.5,0,0
2024-01-12,-1.3,-2.2,-0.2,-1.7,-1.7,97,100,12.8,1031.1,1,0
2024-01-13,0.5,-0.5,1.2,-0.2,-0.6,93,100,20.8,1020.7,1,0
2024-01-14,0.4,-0.5,1.5,-0.3,-0.7,92,100,23.4,1007.5,1,1
2024-01-15,-0.1,-1.0,0.9,-1.8,-3.2,80,98,24.8,999.4,1,1
2024-01-16,-1.9,-5.7,0.2,-3.5,-4.8,81,76,16.7,1007.8,1,1
2024-01-17,-4.0,-7.2,-1.7,-5.1,-6.0,87,96,5.8,995.9,1,1
2024-01-18,-2.6,-4.4,-0.5,-3.4,-3.9,91,91,8.0,998.8,1,1
2024-01-19,-3.9,-6.8,-0.6,-4.9,-5.6,88,55,14.1,1018.7,0,0
2024-01-20,-4.1,-9.4,-0.8,-5.4,-6.6,83,61,14.1,1029.4,0,0
2024-01-21,-2.7,-10.9,3.2,-4.7,-7.1,72,97,13.2,1026.0,0,0
2024-01-22,5.4,3.3,7.9,3.9,2.9,84,84,29.9,1012.2,1,0
2024-01-23,4.1,2.5,5.6,2.6,1.7,84,94,21.5,1021.5,1,1
2024-01-24,7.6,5.2,10.2,5.8,4.7,82,83,32.4,1017.1,1,0
2024-01-25,4.3,0.9,6.2,2.9,2.0,85,86,18.0,1026.7,1,0
2024-01-26,5.6,2.7,10.2,4.5,3.9,89,80,19.8,1023.9,1,0
2024-01-27,1.8,-2.3,6.2,0.4,-0.5,85,26,14.2,1035.3,0,0
2024-01-28,0.0,-3.2,7.7,-1.7,-3.2,80,25,7.1,1034.1,0,0
2024-01-29,3.3,-1.2,9.0,0.5,-2.7,66,79,8.7,1030.1,0,0
2024-01-30,5.4,0.9,8.6,3.6,2.4,81,94,10.6,1029.8,1,0
2024-01-31,4.6,2.2,6.5,3.1,2.1,84,87,13.8,1031.6,1,0
2024-02-01,4.6,2.0,6.5,2.9,1.6,82,84,19.7,1027.2,1,0
2024-02-02,5.0,2.5,7.6,3.2,2.0,81,99,19.6,1027.2,1,0
2024-02-03,7.8,7.3,8.8,6.7,6.2,89,100,25.6,1022.8,1,0
2024-02-04,8.0,7.1,8.8,7.0,6.5,91,98,25.3,1018.9,1,0
2024-02-05,8.5,6.2,11.0,6.5,5.2,81,98,29.7,1015.7,1,0
2024-02-06,7.4,6.3,8.9,5.4,4.2,80,100,29.7,1009.9,1,0
2024-02-07,3.9,1.0,8.8,3.1,2.7,92,100,16.9,1004.5,1,1
2024-02-08,1.2,-1.0,4.0,0.8,0.6,96,100,8.2,1001.2,1,1
2024-02-09,8.3,3.0,11.9,7.0,6.4,88,99,13.1,990.1,1,0
2024-02-10,9.5,7.3,12.2,8.2,7.6,88,98,10.0,989.7,1,0
2024-02-11,7.4,6.1,8.9,6.8,6.6,94,100,11.0,991.1,1,0
2024-02-12,5.8,3.5,7.7,4.7,4.1,89,77,13.9,1003.0,1,0
2024-02-13,4.4,2.6,7.2,2.4,0.7,78,85,14.1,1017.9,0,0
2024-02-14,7.5,4.3,9.9,5.7,4.6,82,98,17.6,1018.3,1,0
2024-02-15,10.0,7.7,12.2,9.1,8.7,91,99,11.9,1017.9,1,0
2024-02-16,10.5,6.3,15.2,8.7,7.8,84,82,11.6,1015.3,1,0
2024-02-17,8.2,4.3,10.7,7.1,6.5,90,83,13.6,1028.8,1,0
2024-02-18,7.0,3.7,11.4,5.7,4.9,87,96,13.2,1027.9,1,0
2024-02-19,6.9,5.8,8.2,6.0,5.5,91,96,21.3,1022.6,1,0
2024-02-20,6.5,4.9,8.6,4.8,3.6,83,100,17.3,1025.6,1,0
2024-02-21,7.5,5.8,10.1,5.0,3.2,75,100,17.8,1017.0,1,0
2024-02-22,8.6,6.9,9.9,7.1,6.3,85,100,22.9,994.2,1,0
2024-02-23,5.3,2.5,8.6,2.4,-0.2,68,42,18.7,994.9,1,0
2024-02-24,3.0,-0.6,6.7,1.0,-0.6,78,49,12.5,1002.3,1,0
2024-02-25,2.8,-1.6,6.8,0.7,-0.9,78,53,12.4,1005.1,1,0
2024-02-26,4.3,-1.2,8.2,2.4,1.1,80,100,12.6,1005.2,0,0
2024-02-27,4.4,0.9,9.8,2.6,1.2,81,83,4.6,1016.0,0,0
2024-02-28,1.6,-3.2,6.8,0.3,-0.6,87,86,4.6,1021.7,0,0
2024-02-29,2.6,-2.2,9.2,1.0,-0.2,83,38,8.3,1015.3,0,0
2024-03-01,5.2,-0.9,11.7,3.6,2.7,85,59,8.4,1006.6,0,0
2024-03-02,6.9,3.8,11.6,5.4,4.4,85,84,7.9,1005.7,0,0
2024-03-03,6.8,2.7,12.2,5.3,4.4,86,46,10.3,1003.4,0,0
2024-03-04,6.6,0.6,11.6,5.4,4.9,89,41,6.6,1009.0,1,0
2024-03-05,5.9,3.8,7.3,5.1,4.7,93,94,7.8,1014.8,1,0
2024-03-06,4.7,2.1,7.9,2.8,1.4,79,90,9.5,1023.1,0,0
2024-03-07,3.0,-0.8,6.2,0.9,-1.0,76,77,11.3,1025.0,1,0
2024-03-08,2.2,-2.8,6.9,-0.0,-2.0,75,8,16.9,1017.6,0,0
2024-03-09,3.8,-0.9,9.1,1.9,0.5,80,16,13.3,1007.1,0,0
2024-03-10,5.8,1.7,11.1,4.0,2.9,83,81,17.5,1000.1,0,0
2024-03-11,6.6,3.0,10.7,4.8,3.6,82,80,11.1,1003.5,1,0
2024-03-12,5.2,1.0,9.2,3.8,3.0,86,52,9.9,1014.2,1,0
2024-03-13,6.0,0.3,9.8,4.8,4.1,88,78,9.3,1016.9,1,0
2024-03-14,9.9,7.3,14.6,8.2,7.1,84,98,7.8,1014.5,1,0
2024-03-15,11.1,8.5,14.3,8.8,7.5,79,78,14.9,1010.2,1,0
2024-03-16,7.8,4.1,9.9,5.8,4.3,79,75,17.0,1016.5,1,0
2024-03-17,5.2,-0.6,10.2,2.6,0.3,72,81,4.8,1023.7,0,0
2024-03-18,5.3,1.1,9.7,3.1,1.5,77,85,9.8,1019.2,1,0
2024-03-19,6.4,1.8,13.1,4.1,2.5,77,78,6.9,1020.6,0,0
2024-03-20,9.2,2.0,16.2,6.4,4.4,74,90,3.7,1020.1,0,0
2024-03-21,8.3,5.2,12.1,6.3,5.1,80,98,12.0,1021.1,1,0
2024-03-22,9.8,4.8,14.1,7.7,6.3,80,99,12.6,1016.6,1,0
2024-03-23,5.2,1.9,8.2,3.7,2.5,83,73,15.1,1007.8,1,0
2024-03-24,3.4,0.9,7.2,1.8,0.8,83,90,22.9,1003.1,1,1
2024-03-25,4.3,0.1,7.9,2.3,0.7,79,78,14.7,1005.9,1,0
2024-03-26,5.3,-0.6,11.6,2.9,1.0,75,73,11.7,997.4,0,0
2024-03-27,8.9,0.9,16.8,6.6,5.1,78,88,8.0,987.5,1,0
2024-03-28,7.2,4.6,11.1,5.0,3.3,77,82,18.5,990.5,1,1
2024-03-29,8.2,5.6,11.6,6.0,4.4,77,89,17.0,999.0,1,0
2024-03-30,12.5,6.3,20.1,10.1,8.7,80,76,7.2,998.7,1,0
2024-03-31,11.2,6.5,16.8,9.3,8.2,83,91,8.2,999.1,1,0
2024-04-01,9.1,7.4,11.6,8.1,7.6,90,100,12.5,996.2,1,0
2024-04-02,8.5,6.2,12.1,6.2,4.6,77,60,22.3,1006.3,1,0
2024-04-03,9.3,7.1,12.7,7.5,6.3,82,93,14.7,1007.7,1,0
2024-04-04,10.4,6.8,14.5,8.4,7.2,81,87,20.9,1008.7,1,0
2024-04-05,13.5,9.1,18.5,10.8,9.2,76,93,17.2,1012.3,1,0
2024-04-06,16.9,12.6,23.2,12.9,10.5,68,94,10.7,1014.4,0,0
2024-04-07,17.7,13.6,22.1,12.8,9.4,60,96,11.8,1014.6,1,0
2024-04-08,17.2,12.2,23.8,13.7,11.6,72,54,7.3,1009.8,0,0
2024-04-09,13.5,9.4,18.3,10.7,9.0,75,95,14.0,1010.4,1,0
2024-04-10,9.2,6.2,11.7,6.2,4.0,70,77,12.4,1026.9,0,0
2024-04-11,10.2,4.8,14.8,6.8,4.2,68,57,10.8,1032.4,0,0
2024-04-12,13.4,8.6,17.9,10.8,9.2,77,90,10.9,1030.8,0,0
2024-04-13,16.0,11.6,20.5,12.6,10.6,72,99,14.1,1024.7,0,0
2024-04-14,13.4,9.2,15.9,9.7,6.9,65,98,16.7,1019.1,0,0
2024-04-15,9.1,3.8,13.5,6.0,3.4,70,82,15.4,1007.8,1,0
2024-04-16,5.2,3.5,9.4,3.1,1.5,77,83,18.4,1002.3,1,1
2024-04-17,5.0,2.7,8.4,3.5,2.4,85,94,9.7,1009.2,1,0
2024-04-18,5.4,1.1,9.6,3.1,1.2,77,80,8.1,1015.8,1,0
2024-04-19,4.9,3.9,6.8,3.5,2.7,85,98,21.4,1007.9,1,1
2024-04-20,4.7,0.9,7.5,2.6,0.9,78,86,16.2,1015.7,1,1
2024-04-21,3.5,0.2,6.7,1.0,-1.5,72,48,11.9,1021.8,1,1
2024-04-22,2.1,-1.4,5.8,-0.3,-2.9,71,57,7.8,1024.1,1,1
2024-04-23,3.1,-2.4,7.3,0.1,-3.2,65,39,4.1,1019.2,0,0
2024-04-24,4.0,2.2,7.7,2.0,0.3,77,91,11.9,1007.5,1,1
2024-04-25,4.0,1.2,7.5,2.2,0.9,82,95,13.1,1006.0,1,0
2024-04-26,7.4,2.7,12.4,4.3,1.8,69,63,12.5,1006.3,1,0
2024-04-27,9.6,1.5,16.4,7.2,5.7,78,40,8.6,1009.6,1,0
2024-04-28,13.2,7.4,19.1,9.3,6.6,65,89,10.5,1012.1,0,0
2024-04-29,13.6,9.1,18.5,10.4,8.3,72,78,7.0,1021.4,0,0
2024-04-30,16.4,9.6,23.3,13.4,11.7,75,51,8.2,1016.5,1,0
2024-05-01,17.4,10.5,23.0,13.3,10.7,66,41,13.0,1007.8,0,0
2024-05-02,16.5,11.7,21.9,12.9,10.7,70,21,14.4,1001.6,1,0
2024-05-03,13.3,11.2,16.0,11.0,9.7,80,84,12.2,1009.6,1,0
2024-05-04,12.3,9.1,15.4,9.6,7.8,75,96,5.7,1015.6,1,0
2024-05-05,13.0,9.0,16.2,9.9,7.8,72,76,14.6,1009.2,1,0
2024-05-06,11.9,7.3,15.1,10.0,9.0,82,100,7.8,1009.3,1,0
2024-05-07,11.4,8.3,13.9,9.3,8.0,80,99,8.3,1017.3,1,0
2024-05-08,12.1,8.4,15.5,8.9,6.6,70,82,3.7,1024.9,1,0
2024-05-09,12.7,4.7,18.1,9.1,6.5,68,39,6.3,1026.0,1,0
2024-05-10,14.8,9.9,19.4,10.9,8.3,66,56,4.3,1023.6,0,0
2024-05-11,15.1,9.1,20.4,11.5,9.2,69,63,5.0,1022.3,0,0
2024-05-12,14.5,9.0,19.5,10.9,8.6,70,14,11.7,1020.0,0,0
2024-05-13,16.2,9.6,22.1,11.9,9.1,65,7,11.0,1014.6,1,0
2024-05-14,16.8,9.8,22.6,11.8,8.3,59,2,14.2,1010.4,0,0
2024-05-15,17.8,11.8,23.5,11.6,6.8,50,35,19.0,1007.9,0,0
2024-05-16,16.5,13.5,21.0,12.3,9.7,65,89,17.9,1006.9,1,0
2024-05-17,15.6,11.4,20.3,11.5,8.8,65,76,19.1,1006.8,0,0
2024-05-18,14.2,10.4,17.3,11.5,9.9,76,79,4.7,1009.7,1,0
2024-05-19,13.7,10.5,17.3,11.7,10.6,83,82,4.8,1009.7,1,0
2024-05-20,14.6,8.4,19.5,11.9,10.3,77,34,5.4,1011.0,1,0
2024-05-21,16.8,11.4,22.0,14.0,12.5,77,80,15.3,1007.9,1,0
2024-05-22,14.2,12.1,15.5,13.1,12.7,91,88,12.2,1008.7,1,0
2024-05-23,15.6,10.9,19.8,12.0,9.7,70,30,8.2,1015.1,1,0
2024-05-24,15.4,10.5,20.6,12.9,11.6,79,81,8.8,1017.4,1,0
2024-05-25,15.9,11.4,20.6,13.3,11.8,78,64,4.6,1017.3,1,0
2024-05-26,17.0,11.2,21.7,14.0,12.2,75,54,6.4,1017.6,1,0
2024-05-27,17.2,13.7,21.2,13.9,11.9,73,82,6.0,1016.6,1,0
2024-05-28,13.9,11.6,16.9,10.8,8.5,72,74,12.2,1017.5,1,0
2024-05-29,14.4,11.9,17.4,12.1,10.8,80,83,13.1,1012.1,1,0
2024-05-30,13.1,10.8,14.6,12.2,11.8,92,99,5.9,1006.0,1,0
2024-05-31,14.5,11.1,17.4,12.1,10.8,80,92,12.3,1008.6,1,0
2024-06-01,16.6,12.9,21.7,14.9,14.1,86,91,12.7,1012.3,1,0
2024-06-02,15.1,12.9,16.8,13.5,12.6,86,83,16.9,1017.9,1,0
2024-06-03,12.4,9.2,15.9,9.5,7.6,73,70,12.5,1018.7,0,0
2024-06-04,13.2,6.1,18.6,10.1,8.2,73,49,5.2,1014.5,1,0
2024-06-05,14.5,12.5,16.8,12.1,10.9,79,86,13.2,1011.8,1,0
2024-06-06,13.8,6.2,19.3,9.9,7.2,67,28,8.1,1016.6,1,0
2024-06-07,13.7,7.5,17.6,10.0,7.3,67,58,6.8,1017.8,0,0
2024-06-08,15.7,6.8,21.8,11.4,8.6,65,33,10.1,1011.8,0,0
2024-06-09,13.9,9.8,20.2,9.6,6.2,63,23,9.6,1009.5,1,0
2024-06-10,12.0,7.1,15.8,9.0,6.9,72,61,10.0,1006.9,1,0
2024-06-11,11.1,8.6,14.6,7.7,5.2,68,54,20.2,1012.8,1,0
2024-06-12,11.0,6.8,14.6,7.9,5.7,71,46,11.7,1018.0,1,0
2024-06-13,11.6,6.6,15.7,8.1,5.3,67,62,8.1,1018.1,1,0
2024-06-14,14.2,9.8,18.4,10.8,8.6,70,86,10.7,1011.3,1,0
2024-06-15,15.5,12.5,18.2,11.7,8.9,67,67,16.7,1006.4,1,0
2024-06-16,15.9,11.7,20.0,11.3,8.2,61,56,13.3,1009.6,1,0
2024-06-17,16.5,12.0,20.6,13.7,12.2,76,89,8.5,1012.6,1,0
2024-06-18,17.9,12.6,23.5,15.7,14.6,82,84,6.2,1013.9,1,0
2024-06-19,15.1,11.9,17.0,13.6,12.8,87,78,8.1,1016.5,1,0
2024-06-20,15.3,8.6,20.3,12.9,11.5,80,86,9.7,1020.8,1,0
2024-06-21,19.2,14.0,23.2,16.8,15.8,81,89,9.2,1012.8,1,0
2024-06-22,17.1,13.1,21.0,13.6,11.4,71,77,15.6,1012.5,1,0
2024-06-23,17.1,12.2,21.4,13.8,12.0,74,47,9.4,1018.6,1,0
2024-06-24,18.3,11.6,22.5,14.6,12.5,71,35,4.3,1020.3,0,0
2024-06-25,19.5,12.9,24.9,15.2,12.8,67,18,10.4,1016.9,0,0
2024-06-26,21.8,15.4,28.1,18.0,16.1,72,20,9.2,1011.8,1,0
2024-06-27,22.4,17.0,28.2,19.3,17.9,77,42,5.6,1009.3,1,0
2024-06-28,20.0,15.4,23.9,15.6,12.9,66,28,12.5,1014.1,0,0
2024-06-29,19.6,10.7,26.4,16.0,14.0,72,58,8.3,1014.5,1,0
2024-06-30,18.9,16.3,20.9,16.8,15.8,82,95,13.8,1006.9,1,0
2024-07-01,15.1,11.9,18.0,12.9,11.8,81,64,14.7,1012.9,1,0
2024-07-02,13.6,10.8,16.6,11.5,10.4,82,90,14.9,1013.3,1,0
2024-07-03,12.7,9.8,15.8,10.2,8.5,77,84,10.9,1010.4,1,0
2024-07-04,14.0,10.0,18.1,11.2,9.5,75,54,15.6,1007.9,1,0
2024-07-05,14.6,10.6,17.2,11.0,8.6,68,97,12.2,1011.3,0,0
2024-07-06,18.5,13.8,26.0,15.2,13.4,73,76,15.1,1005.5,1,0
2024-07-07,15.3,10.9,19.5,10.3,6.5,57,61,11.5,1013.9,0,0
2024-07-08,17.5,9.2,23.1,12.7,9.6,62,53,7.2,1017.7,0,0
2024-07-09,22.3,14.6,28.6,17.1,14.3,62,32,9.6,1016.6,0,0
2024-07-10,21.1,16.9,24.8,18.3,17.0,78,89,6.5,1015.1,1,0
2024-07-11,19.8,16.5,23.2,16.8,15.3,77,53,6.9,1016.8,1,0
2024-07-12,18.9,13.9,23.9,16.6,15.5,81,93,13.1,1011.1,1,0
2024-07-13,16.0,12.3,20.0,11.9,9.2,66,61,13.6,1012.3,0,0
2024-07-14,16.9,10.4,21.9,12.9,10.3,67,49,6.4,1013.8,1,0
2024-07-15,19.9,12.4,25.9,15.2,12.5,65,50,4.2,1012.7,0,0
2024-07-16,19.9,15.7,23.1,16.1,14.0,70,49,14.0,1012.0,1,0
2024-07-17,17.8,14.2,21.7,14.4,12.5,72,55,13.6,1019.7,1,0
2024-07-18,18.9,11.5,24.0,15.3,13.3,72,63,4.4,1023.4,0,0
2024-07-19,20.6,13.0,26.8,16.2,13.8,68,52,6.6,1020.1,0,0
2024-07-20,22.1,14.9,28.5,17.3,14.8,65,42,7.4,1011.9,0,0
2024-07-21,21.8,16.4,28.9,19.1,17.9,80,67,5.4,1008.5,1,0
2024-07-22,19.3,16.2,22.7,15.8,13.8,72,49,14.5,1015.3,0,0
2024-07-23,18.5,14.1,25.0,15.5,13.9,77,55,9.9,1016.9,1,0
2024-07-24,16.9,13.9,20.4,14.2,12.7,78,61,13.4,1018.3,1,0
2024-07-25,17.0,9.4,22.1,13.2,10.9,70,60,5.6,1015.8,0,0
2024-07-26,18.1,13.8,22.9,15.7,14.6,81,95,7.5,1012.0,1,0
2024-07-27,19.1,16.6,23.0,17.4,16.6,86,99,5.5,1013.8,1,0
2024-07-28,17.9,14.0,21.4,14.8,13.0,75,52,14.2,1021.8,1,0
2024-07-29,16.9,10.6,22.5,13.1,10.7,70,8,4.3,1024.7,0,0
2024-07-30,19.7,11.3,27.1,15.7,13.6,70,11,5.5,1018.5,0,0
2024-07-31,22.4,16.7,27.8,18.5,16.6,71,71,4.6,1014.4,1,0
2024-08-01,21.4,17.2,27.0,18.7,17.4,80,68,3.4,1011.8,1,0
2024-08-02,19.3,16.6,22.6,17.1,16.0,82,64,7.4,1011.2,1,0
2024-08-03,19.9,13.8,25.1,16.7,15.0,76,50,4.9,1011.5,1,0
2024-08-04,17.8,14.0,20.4,15.4,14.2,80,86,13.7,1013.3,1,0
2024-08-05,16.8,11.3,21.6,13.2,11.0,70,52,4.8,1016.0,0,0
2024-08-06,19.1,12.4,25.5,15.9,14.2,75,11,5.8,1013.4,0,0
2024-08-07,19.7,14.0,27.0,17.1,15.9,80,56,7.7,1011.7,1,0
2024-08-08,17.7,13.9,21.2,15.4,14.2,82,61,7.7,1016.2,1,0
2024-08-09,18.6,13.0,23.4,15.9,14.5,79,85,13.1,1016.0,1,0
2024-08-10,19.5,14.4,24.8,16.1,14.2,74,22,10.0,1019.8,0,0
2024-08-11,19.7,15.3,24.2,16.0,14.2,71,31,6.0,1021.4,0,0
2024-08-12,21.2,14.1,27.4,16.9,14.7,68,51,9.0,1015.6,0,0
2024-08-13,24.0,17.1,31.4,19.2,16.8,65,31,7.8,1011.6,0,0
2024-08-14,22.7,18.8,27.9,19.7,18.4,78,89,5.1,1011.6,1,0
2024-08-15,21.2,17.2,25.8,18.2,16.6,77,43,10.0,1016.2,1,0
2024-08-16,21.4,16.0,26.8,17.4,15.3,70,37,8.8,1015.6,0,0
2024-08-17,20.2,16.5,24.6,17.8,16.8,81,76,6.9,1013.0,1,0
2024-08-18,18.2,15.2,21.5,16.8,16.3,89,100,8.4,1010.8,1,0
2024-08-19,16.5,12.9,20.0,13.7,12.0,77,54,6.2,1017.8,0,0
2024-08-20,18.0,10.4,23.3,15.2,13.7,77,41,6.8,1013.9,1,0
2024-08-21,17.1,13.6,19.2,13.2,10.7,68,61,17.9,1014.5,1,0
2024-08-22,17.3,12.7,24.0,12.5,9.4,61,70,11.1,1013.9,0,0
2024-08-23,20.6,15.9,25.9,15.0,11.4,57,73,15.3,1010.1,0,0
2024-08-24,23.2,17.0,29.2,18.2,15.4,64,7,12.6,1010.8,0,0
2024-08-25,18.3,14.9,23.5,13.8,10.6,63,69,14.2,1018.2,1,0
2024-08-26,16.4,8.9,22.3,11.5,8.0,60,22,5.4,1022.8,0,0
2024-08-27,17.9,10.1,24.6,12.7,9.3,60,0,7.9,1023.0,0,0
2024-08-28,20.4,12.4,28.5,16.5,14.5,71,2,8.4,1018.4,0,0
2024-08-29,23.5,16.1,30.4,18.4,15.7,64,29,7.5,1017.0,0,0
2024-08-30,20.2,16.6,24.9,17.6,16.4,80,85,6.4,1020.5,1,0
2024-08-31,17.7,14.2,21.8,14.4,12.6,73,72,14.3,1023.7,1,0
2024-09-01,19.9,14.9,25.5,15.6,13.2,66,23,14.0,1019.3,0,0
2024-09-02,20.9,15.1,27.5,16.9,14.8,70,38,9.2,1014.4,0,0
2024-09-03,21.8,15.8,28.2,18.3,16.6,75,44,4.8,1014.6,1,0
2024-09-04,20.0,16.8,27.1,18.5,17.8,89,68,6.5,1014.6,1,0
2024-09-05,23.5,17.0,29.8,17.9,14.5,62,33,16.6,1011.3,0,0
2024-09-06,23.0,18.4,28.2,15.5,10.3,46,45,15.8,1012.1,0,0
2024-09-07,21.8,15.4,28.2,16.0,12.4,57,38,5.5,1012.7,0,0
2024-09-08,19.5,14.2,26.6,16.3,14.7,75,77,7.1,1009.2,1,0
2024-09-09,16.1,13.6,19.7,14.3,13.4,85,94,11.0,1004.1,1,0
2024-09-10,14.6,11.4,17.0,11.7,9.8,74,84,18.3,1009.5,1,0
2024-09-11,12.5,7.8,14.2,9.7,7.8,74,85,17.8,1005.4,1,0
2024-09-12,9.0,5.2,13.3,6.6,4.9,77,44,7.3,1012.9,1,0
2024-09-13,9.7,5.5,13.9,7.3,5.8,78,100,12.6,1020.3,1,0
2024-09-14,10.6,7.7,14.2,7.2,4.6,68,57,17.3,1026.7,0,0
2024-09-15,10.7,5.9,15.8,8.2,6.5,77,22,13.4,1025.2,0,0
2024-09-16,12.5,9.9,15.7,9.9,8.3,76,96,10.6,1022.7,1,0
2024-09-17,15.9,10.2,20.8,13.4,12.1,79,36,9.9,1026.0,0,0
2024-09-18,17.4,13.4,22.0,14.8,13.5,79,21,13.4,1027.5,0,0
2024-09-19,16.4,13.9,20.9,14.0,12.7,80,18,14.2,1025.2,1,0
2024-09-20,15.8,12.1,20.3,12.5,10.6,72,3,13.6,1023.9,0,0
2024-09-21,15.5,10.3,21.5,12.3,10.5,74,2,8.8,1021.7,0,0
2024-09-22,15.7,9.4,22.5,12.5,10.6,74,50,5.2,1016.3,0,0
2024-09-23,15.2,9.9,20.9,13.0,11.9,82,98,5.9,1009.9,1,0
2024-09-24,14.7,13.4,16.7,12.8,11.8,83,79,12.8,1005.3,1,0
2024-09-25,14.2,13.1,17.0,12.5,11.7,85,97,14.7,1005.6,1,0
2024-09-26,15.3,13.3,18.2,13.2,12.2,82,100,21.7,995.4,1,0
2024-09-27,13.5,11.0,15.6,10.3,8.1,71,43,25.1,999.1,1,0
2024-09-28,9.9,6.8,12.7,7.7,6.2,79,45,17.2,1016.0,1,0
2024-09-29,8.3,4.5,12.6,6.0,4.3,78,47,7.0,1027.8,0,0
2024-09-30,10.0,5.7,14.1,7.4,5.5,75,72,16.5,1018.1,1,0
2024-10-01,12.2,10.8,14.6,10.7,10.0,87,97,11.1,1009.6,1,0
2024-10-02,10.4,8.6,12.6,9.4,8.9,91,91,4.1,1010.0,1,0
2024-10-03,9.6,7.8,11.4,7.9,6.8,83,94,7.1,1016.9,1,0
2024-10-04,9.9,6.8,13.1,7.7,6.3,78,80,7.9,1019.8,0,0
2024-10-05,8.9,5.7,12.0,6.8,5.4,80,62,6.5,1019.6,1,0
2024-10-06,7.9,4.5,12.5,6.2,5.1,84,60,9.0,1012.6,0,0
2024-10-07,11.3,4.8,15.6,10.2,9.8,90,86,8.2,1006.0,1,0
2024-10-08,14.2,12.0,18.2,13.2,12.7,91,100,8.5,1002.3,1,0
2024-10-09,14.0,12.1,16.2,12.3,11.4,85,97,15.9,995.2,1,0
2024-10-10,12.9,8.4,16.6,11.3,10.4,85,81,21.6,994.2,1,0
2024-10-11,7.7,3.6,10.9,5.6,4.1,79,40,9.4,1015.2,1,0
2024-10-12,7.0,0.5,11.8,5.1,3.9,82,64,10.1,1015.5,1,0
2024-10-13,8.9,6.7,11.1,6.8,5.4,79,84,25.2,1011.9,1,0
2024-10-14,7.8,5.4,10.6,6.0,4.9,82,91,6.2,1019.3,1,0
2024-10-15,6.7,0.8,11.4,5.0,3.9,84,59,10.2,1023.4,0,0
2024-10-16,8.9,4.8,13.7,6.9,5.8,81,54,16.2,1018.9,0,0
2024-10-17,12.1,7.7,18.0,10.6,9.8,87,88,7.3,1015.5,0,0
2024-10-18,12.2,9.1,17.0,11.0,10.5,90,97,6.7,1014.8,0,0
2024-10-19,13.7,9.9,17.4,12.3,11.6,87,100,10.0,1017.0,1,0
2024-10-20,13.6,9.0,17.8,11.9,11.1,85,97,7.8,1021.7,0,0
2024-10-21,15.4,13.9,19.0,13.5,12.7,84,82,11.8,1023.7,1,0
2024-10-22,12.0,6.4,15.1,9.9,8.8,81,63,12.0,1026.9,0,0
2024-10-23,7.9,4.3,13.4,6.8,6.2,90,5,4.6,1035.2,0,0
2024-10-24,9.1,3.9,13.4,7.9,7.2,88,50,9.1,1028.7,0,0
2024-10-25,11.4,6.1,16.9,10.1,9.5,89,12,6.1,1021.4,0,0
2024-10-26,11.2,6.2,17.4,9.9,9.3,89,41,6.4,1019.9,0,0
2024-10-27,11.0,6.5,14.6,10.1,9.7,92,87,9.0,1020.6,1,0
2024-10-28,12.7,11.4,15.0,11.7,11.2,91,86,11.5,1024.5,1,0
2024-10-29,12.2,10.7,14.1,11.0,10.5,90,82,9.4,1025.4,1,0
2024-10-30,11.9,10.6,13.0,11.2,10.9,93,98,9.7,1027.3,1,0
2024-10-31,10.7,8.4,13.3,9.5,8.8,88,73,7.8,1027.8,0,0
2024-11-01,9.1,7.9,10.8,8.0,7.5,90,88,14.1,1024.4,0,0
2024-11-02,8.2,3.8,9.6,6.2,4.9,80,83,7.7,1030.7,1,0
2024-11-03,4.2,-0.8,10.6,3.0,2.4,89,56,6.0,1031.7,0,0
2024-11-04,5.0,0.6,8.5,4.5,4.3,96,92,8.4,1030.8,0,0
2024-11-05,5.4,2.2,9.8,4.8,4.6,95,99,7.2,1027.1,0,0
2024-11-06,3.8,-0.2,7.1,3.2,3.0,95,97,3.4,1030.8,0,0
2024-11-07,4.4,3.4,6.0,3.6,3.2,92,100,7.2,1034.4,0,0
2024-11-08,4.4,2.5,5.8,3.3,2.8,90,92,13.4,1030.9,1,0
2024-11-09,2.9,-0.1,8.4,2.2,2.0,94,40,5.6,1028.0,0,0
2024-11-10,4.5,-0.4,8.3,4.0,3.9,96,94,3.0,1028.5,0,0
2024-11-11,6.7,5.0,7.9,6.0,5.7,94,100,6.5,1027.5,1,0
2024-11-12,5.3,2.7,6.9,4.4,4.0,91,88,6.8,1031.2,0,0
2024-11-13,4.8,3.5,6.2,4.2,4.0,95,100,7.5,1030.8,1,0
2024-11-14,7.0,5.1,8.6,6.2,5.8,93,99,14.2,1025.4,1,0
2024-11-15,6.5,3.2,8.2,5.4,4.7,89,85,10.8,1026.3,1,0
2024-11-16,5.0,2.7,6.9,2.8,1.0,76,76,14.1,1019.5,0,0
2024-11-17,4.5,2.8,6.0,3.3,2.6,88,85,20.5,1009.7,1,1
2024-11-18,2.5,1.4,4.8,1.3,0.4,87,90,14.6,1009.4,1,1
2024-11-19,4.5,0.6,9.3,3.9,3.7,95,100,21.9,995.2,1,1
2024-11-20,1.5,0.4,2.6,0.0,-1.1,83,99,22.6,997.5,1,1
2024-11-21,-0.1,-2.2,2.1,-2.1,-4.0,75,92,16.1,998.3,1,1
2024-11-22,0.3,-1.5,2.2,-1.6,-3.2,77,84,20.3,1000.5,1,1
2024-11-23,1.2,-1.4,3.8,-0.3,-1.6,82,72,18.1,1018.0,1,0
2024-11-24,9.8,3.0,13.1,6.8,4.5,70,100,24.6,1012.8,1,0
2024-11-25,11.4,8.4,13.5,7.6,4.6,64,78,18.0,1009.7,1,0
2024-11-26,7.4,4.9,9.6,6.2,5.5,88,59,12.3,1017.7,1,0
2024-11-27,6.3,2.6,9.6,5.0,4.3,87,81,16.8,1018.0,1,0
2024-11-28,5.0,3.0,7.8,3.5,2.5,84,87,27.2,1018.4,1,0
2024-11-29,1.7,-2.0,4.4,0.6,-0.1,88,51,6.9,1033.5,0,0
2024-11-30,-0.9,-3.6,4.6,-2.3,-3.4,84,38,4.8,1032.4,0,0
2024-12-01,-0.0,-1.8,4.8,-2.0,-3.9,76,5,3.4,1025.5,0,0
2024-12-02,3.9,-1.0,7.9,2.5,1.6,86,92,12.4,1017.0,0,0
2024-12-03,3.5,1.1,4.7,3.1,3.0,97,89,14.4,1016.4,1,0
2024-12-04,2.1,0.8,3.4,1.3,1.0,93,86,13.1,1024.4,1,0
2024-12-05,1.6,-1.0,3.2,0.1,-1.1,83,85,12.9,1021.6,1,0
2024-12-06,4.9,2.8,6.2,4.3,4.1,95,100,24.4,1004.3,1,0
2024-12-07,3.5,1.5,5.5,2.7,2.4,92,97,14.0,1004.9,1,0
2024-12-08,3.0,-0.6,6.1,2.4,2.1,94,71,7.4,1009.3,0,0
2024-12-09,2.2,0.9,3.2,1.2,0.6,90,100,11.7,1023.2,1,1
2024-12-10,1.8,0.8,2.8,0.9,0.4,90,100,13.9,1029.5,1,1
2024-12-11,0.5,-0.6,2.0,-0.4,-0.9,90,90,3.5,1031.4,0,0
2024-12-12,0.7,-0.6,2.2,-0.4,-1.0,88,97,4.3,1032.1,0,0
2024-12-13,-1.5,-4.7,0.8,-2.8,-3.6,86,50,9.0,1030.3,0,0
2024-12-14,0.3,-3.0,1.5,-1.0,-1.9,85,100,16.0,1019.5,1,1
2024-12-15,3.8,1.5,6.6,3.2,2.9,94,100,20.8,1023.4,1,1
2024-12-16,7.9,6.8,9.1,7.0,6.5,91,100,22.9,1027.3,1,0
2024-12-17,7.0,4.8,8.7,5.4,4.5,84,98,17.0,1027.4,1,0
2024-12-18,7.4,4.7,9.4,5.3,3.8,78,81,18.7,1016.3,1,0
2024-12-19,8.5,2.9,11.3,7.1,6.5,88,99,24.5,1001.0,1,0
2024-12-20,2.6,0.4,4.1,1.2,0.2,85,65,20.1,1015.7,1,1
2024-12-21,4.0,0.4,5.8,2.6,1.7,85,99,22.3,1013.9,1,0
2024-12-22,3.7,0.9,6.3,2.8,2.4,91,97,21.2,998.9,1,1
2024-12-23,1.4,-0.5,3.7,0.4,-0.1,89,71,17.4,1009.6,1,1
2024-12-24,1.9,0.5,3.0,1.1,0.7,92,88,11.3,1026.1,0,0
2024-12-25,4.2,2.8,5.7,3.1,2.4,88,99,6.9,1035.1,0,0
2024-12-26,4.7,3.3,7.3,4.0,3.7,93,95,3.4,1038.0,0,0
2024-12-27,0.0,-3.0,3.8,-0.7,-1.1,92,86,3.6,1035.4,0,0
2024-12-28,-1.1,-4.1,5.7,-3.2,-5.3,75,1,3.4,1030.6,0,0
2024-12-29,-1.4,-3.0,-0.1,-2.7,-3.6,85,58,10.8,1029.6,0,0
2024-12-30,-0.2,-0.8,1.5,-1.2,-1.8,89,94,14.2,1030.3,0,0
2024-12-31,-0.1,-1.2,2.2,-1.2,-1.8,89,82,14.9,1027.4,0,0
2025-01-01,2.9,0.2,5.2,1.1,-0.2,80,100,25.6,1015.6,0,0
2025-01-02,2.4,0.2,5.3,1.7,1.5,94,86,18.4,1010.8,1,0
2025-01-03,0.2,-1.3,1.6,-1.2,-2.4,83,82,22.3,1015.7,1,1
2025-01-04,-1.2,-2.8,0.4,-2.3,-3.0,87,82,11.2,1019.7,1,1
2025-01-05,0.4,-3.3,7.2,-0.4,-0.9,91,100,13.3,1003.5,1,1
2025-01-06,8.2,4.9,12.2,6.1,4.6,79,85,25.7,991.7,1,0
2025-01-07,3.2,1.1,5.4,1.0,-0.8,75,69,21.1,999.6,1,1
2025-01-08,1.4,0.1,2.5,-0.3,-1.5,82,81,14.1,1003.6,1,1
2025-01-09,0.6,-0.6,2.3,0.2,0.1,96,100,11.1,999.4,1,1
2025-01-10,-0.4,-1.3,0.6,-1.4,-2.0,89,96,21.7,1015.0,1,1
2025-01-11,-1.5,-3.5,-0.4,-2.2,-2.5,93,75,19.4,1023.2,0,0
2025-01-12,-3.9,-8.4,-1.2,-4.7,-5.0,92,59,13.5,1035.9,0,0
2025-01-13,-7.7,-10.4,-3.2,-8.4,-8.7,93,87,2.8,1043.1,0,0
2025-01-14,-3.6,-9.1,0.8,-5.2,-6.9,78,69,7.5,1035.3,1,0
2025-01-15,1.1,0.2,2.5,0.9,1.0,99,100,10.9,1032.5,1,0
2025-01-16,-0.1,-4.0,1.8,-0.6,-0.8,95,89,2.5,1038.2,0,0
2025-01-17,-1.8,-4.5,2.6,-2.5,-2.8,93,64,1.8,1038.5,0,0
2025-01-18,-1.2,-4.7,4.9,-2.5,-3.5,85,16,6.0,1033.2,0,0
2025-01-19,0.0,-3.0,7.7,-1.8,-3.6,79,4,6.7,1024.4,0,0
2025-01-20,-1.2,-4.5,3.2,-2.7,-4.0,82,41,5.5,1019.9,0,0
2025-01-21,-1.0,-4.4,5.6,-3.0,-5.2,75,12,3.0,1018.3,0,0
2025-01-22,0.2,-4.3,5.7,-1.9,-4.0,75,93,7.4,1010.7,1,0
2025-01-23,2.4,1.2,3.5,1.3,0.6,89,100,16.7,1005.1,1,0
2025-01-24,4.6,1.5,7.3,3.1,2.1,84,96,20.2,1008.2,1,1
2025-01-25,8.0,4.1,12.8,6.1,4.9,82,96,16.3,1006.3,1,0
2025-01-26,4.7,1.3,6.9,3.7,3.1,89,98,14.2,1006.1,1,0
2025-01-27,7.0,2.8,10.2,5.3,4.1,82,93,19.6,997.3,1,0
2025-01-28,5.5,3.0,7.6,4.0,3.0,84,89,12.0,997.3,1,0
2025-01-29,5.4,3.2,7.2,3.7,2.6,83,76,18.9,1003.4,1,0
2025-01-30,4.7,1.5,7.6,3.1,2.1,84,98,8.8,1014.6,1,1
2025-01-31,1.3,-1.9,4.2,0.0,-1.0,86,71,11.8,1027.5,1,1
2025-02-01,-0.8,-3.5,4.0,-2.4,-3.7,82,45,3.0,1033.0,0,0
2025-02-02,-2.2,-5.1,3.1,-3.8,-5.4,80,40,6.0,1027.7,0,0
2025-02-03,-1.9,-5.9,4.7,-3.9,-5.9,76,28,3.5,1028.4,0,0
2025-02-04,-2.0,-4.3,2.8,-4.0,-6.2,74,34,4.8,1030.1,0,0
2025-02-05,0.2,-4.0,3.7,-1.0,-1.8,86,78,9.5,1037.1,0,0
2025-02-06,1.2,-0.4,3.7,0.6,0.4,94,100,7.3,1041.5,0,0
2025-02-07,1.0,-0.1,1.9,-0.4,-1.4,85,99,23.0,1033.1,0,0
2025-02-08,0.4,-2.4,4.8,-1.0,-1.9,86,37,12.7,1026.9,0,0
2025-02-09,-0.4,-2.5,4.0,-1.9,-3.2,82,52,9.1,1029.5,0,0
2025-02-10,-0.6,-2.8,2.4,-1.9,-3.1,84,74,14.9,1028.9,0,0
2025-02-11,0.2,-1.1,1.8,-1.6,-3.2,78,96,16.5,1024.5,1,1
2025-02-12,0.5,-0.6,3.8,-1.0,-2.1,83,94,10.0,1019.4,1,1
2025-02-13,-2.0,-3.1,-0.8,-2.8,-3.2,92,99,9.9,1018.9,1,1
2025-02-14,-1.0,-3.0,1.2,-2.5,-3.8,82,98,6.8,1025.7,1,1
2025-02-15,-1.9,-3.8,0.4,-4.1,-6.8,70,90,3.5,1025.9,0,0
2025-02-16,-2.9,-7.2,0.9,-4.8,-7.0,75,68,8.3,1024.2,0,0
2025-02-17,-4.8,-8.9,-0.7,-6.6,-9.2,73,32,7.9,1026.9,0,0
2025-02-18,-5.5,-9.4,-0.8,-7.7,-11.3,66,0,10.5,1030.0,0,0
2025-02-19,-3.7,-8.1,2.1,-6.5,-11.4,57,0,13.8,1029.6,0,0
2025-02-20,0.0,-6.9,8.0,-2.7,-6.2,65,56,6.4,1026.2,0,0
2025-02-21,5.5,0.8,12.1,4.4,3.9,90,91,5.1,1023.9,1,0
2025-02-22,6.5,1.0,13.4,4.2,2.6,77,91,9.2,1019.5,1,0
2025-02-23,7.0,3.1,12.1,5.6,4.6,86,62,10.7,1027.3,1,0
2025-02-24,7.3,2.8,11.7,5.0,3.3,76,96,12.5,1022.2,1,0
2025-02-25,7.3,4.3,11.7,5.9,5.0,86,81,7.0,1014.9,1,0
2025-02-26,4.8,1.6,8.2,4.2,3.9,94,81,8.4,1014.4,1,0
2025-02-27,3.1,0.2,7.1,1.6,0.6,84,80,10.1,1016.8,1,0
2025-02-28,1.8,-0.8,6.1,0.8,0.1,89,74,7.9,1022.8,1,1
2025-03-01,2.9,-1.5,6.1,1.4,0.2,84,79,6.5,1031.4,1,0
2025-03-02,0.7,-2.7,5.9,-0.8,-2.0,83,39,5.6,1034.8,0,0
2025-03-03,2.2,-2.8,9.6,-0.8,-4.6,65,32,3.3,1030.2,0,0
2025-03-04,4.1,-0.6,11.9,-0.3,-6.4,49,45,3.0,1026.9,0,0
2025-03-05,5.4,-0.6,13.6,1.5,-3.0,56,0,5.0,1025.0,0,0
2025-03-06,7.2,1.5,15.1,3.2,-0.7,58,6,6.0,1021.2,0,0
2025-03-07,7.1,0.1,16.5,3.7,0.7,66,45,3.7,1019.4,0,0
2025-03-08,7.1,1.1,15.2,3.7,0.7,65,35,7.0,1015.6,0,0
2025-03-09,6.4,0.9,15.0,3.5,1.1,72,3,4.2,1007.4,0,0
2025-03-10,6.2,1.4,13.7,3.4,1.1,73,16,3.7,1001.5,0,0
2025-03-11,5.2,0.2,11.4,3.2,1.6,80,93,7.0,1001.4,1,0
2025-03-12,3.5,1.6,6.3,1.7,0.3,81,98,7.3,1000.3,0,0
2025-03-13,2.2,-2.0,6.4,0.2,-1.6,77,99,3.4,999.0,1,0
2025-03-14,1.9,-1.7,6.6,0.0,-1.7,79,72,3.1,1007.2,1,0
2025-03-15,1.7,-2.1,5.8,0.1,-1.2,81,51,9.7,1018.0,1,0
2025-03-16,2.5,-1.4,7.7,0.1,-2.3,73,26,7.1,1020.7,0,0
2025-03-17,1.8,-2.7,4.8,-1.1,-4.9,64,37,12.2,1028.9,1,0
2025-03-18,0.1,-5.3,7.7,-3.6,-10.2,51,0,6.8,1031.6,0,0
2025-03-19,2.6,-3.9,12.0,-0.8,-4.7,62,0,4.9,1027.8,0,0
2025-03-20,6.7,-0.9,15.5,3.1,-0.2,64,21,2.9,1024.1,0,0
2025-03-21,9.0,2.2,16.8,5.2,2.1,63,0,9.5,1018.9,0,0
2025-03-22,9.3,5.3,14.6,5.3,1.7,60,23,20.2,1009.9,0,0
2025-03-23,8.9,4.9,14.7,6.3,4.4,74,75,7.1,1005.7,0,0
2025-03-24,9.1,4.5,15.1,7.3,6.2,84,46,6.7,1012.4,1,0
2025-03-25,7.7,5.4,10.9,5.9,4.6,82,70,9.8,1018.6,1,0
2025-03-26,6.4,3.1,9.7,4.7,3.6,83,73,12.6,1021.2,1,0
2025-03-27,5.5,1.0,11.9,3.7,2.5,83,37,5.1,1022.0,0,0
2025-03-28,6.5,-1.4,14.9,4.2,2.5,77,24,3.4,1013.2,0,0
2025-03-29,6.9,3.0,11.4,4.6,2.8,76,65,12.4,1015.0,0,0
2025-03-30,5.5,0.9,9.6,3.4,1.8,77,75,18.9,1014.1,1,0
2025-03-31,5.5,2.5,8.6,3.5,1.9,78,77,16.5,1022.3,1,0
2025-04-01,5.8,0.9,10.4,3.0,0.6,70,43,11.5,1028.0,0,0
2025-04-02,8.3,2.8,13.4,5.3,3.0,70,54,15.3,1026.3,0,0
2025-04-03,9.3,3.1,15.8,6.0,3.3,68,0,10.4,1026.0,0,0
2025-04-04,10.4,2.8,18.2,7.1,4.7,70,1,4.6,1021.2,0,0
2025-04-05,7.8,2.0,12.0,4.4,1.1,64,43,8.6,1018.8,0,0
2025-04-06,2.4,-2.2,6.8,-1.2,-5.7,56,23,11.0,1026.9,0,0
2025-04-07,3.5,-1.6,9.1,0.3,-3.2,63,37,4.5,1026.9,0,0
2025-04-08,4.8,-0.6,11.0,1.7,-1.2,67,27,2.4,1027.3,0,0
2025-04-09,6.5,0.6,12.1,3.5,0.9,69,41,8.7,1023.8,0,0
2025-04-10,6.4,3.7,9.7,4.3,2.8,78,74,12.5,1026.0,0,0
2025-04-11,8.0,3.0,13.6,5.7,4.2,79,76,15.3,1020.1,0,0
2025-04-12,11.1,4.0,18.5,8.4,6.6,76,22,6.1,1014.0,0,0
2025-04-13,12.1,5.9,17.5,9.6,8.0,77,83,11.8,1006.4,1,0
2025-04-14,12.4,7.0,18.0,9.4,7.2,73,36,6.0,1009.5,1,0
2025-04-15,14.3,9.3,20.0,11.5,9.9,77,70,12.3,1001.9,1,0
2025-04-16,14.8,8.6,21.8,12.3,10.9,80,48,9.4,1006.6,1,0
2025-04-17,9.2,6.4,12.9,8.3,7.9,92,97,16.3,1007.8,1,0
2025-04-18,7.3,6.4,9.3,6.5,6.1,93,100,15.3,1012.0,1,0
2025-04-19,8.0,4.2,11.9,6.3,5.2,84,81,7.5,1010.4,1,0
2025-04-20,10.4,2.3,18.7,8.6,7.6,85,42,4.2,1007.0,1,0
2025-04-21,11.5,6.5,17.0,9.5,8.3,82,65,6.7,1011.2,1,0
2025-04-22,10.9,7.2,15.6,9.3,8.3,85,65,7.2,1017.1,1,0
2025-04-23,11.8,5.9,17.0,9.6,8.4,81,75,7.0,1015.8,1,0
2025-04-24,11.0,9.0,14.2,9.6,8.9,87,94,9.4,1014.9,1,0
2025-04-25,9.9,6.2,13.0,7.9,6.7,82,80,5.7,1019.8,1,0
2025-04-26,9.2,3.0,14.3,6.2,3.8,70,0,11.4,1023.8,0,0
2025-04-27,8.8,3.2,14.9,5.4,2.5,65,19,9.9,1026.3,0,0
2025-04-28,11.2,4.6,17.5,7.4,4.6,65,30,2.7,1026.5,0,0
2025-04-29,12.3,4.9,18.7,9.2,7.2,72,47,3.7,1026.0,0,0
2025-04-30,14.4,7.6,20.6,11.4,9.6,75,13,2.4,1023.8,0,0
2025-05-01,15.5,7.4,22.6,12.3,10.3,74,19,6.5,1020.5,0,0
2025-05-02,16.9,9.4,23.7,13.3,11.3,71,39,6.2,1014.8,1,0
2025-05-03,12.5,9.6,15.1,11.9,11.7,95,91,6.8,1009.6,1,0
2025-05-04,8.2,4.7,11.1,5.8,4.1,77,58,14.8,1011.5,1,0
2025-05-05,7.5,3.3,11.2,4.7,2.7,72,41,9.0,1016.5,1,0
2025-05-06,8.4,3.7,13.4,5.3,2.9,70,47,7.7,1018.8,0,0
2025-05-07,9.5,5.5,13.1,6.0,3.0,66,67,9.5,1019.3,0,0
2025-05-08,7.8,4.2,11.1,4.0,0.5,60,88,10.1,1019.4,0,0
2025-05-09,9.4,2.5,15.1,5.6,2.3,63,27,4.0,1021.2,0,0
2025-05-10,11.4,3.8,16.7,7.5,4.4,63,18,5.9,1021.1,0,0
2025-05-11,12.8,6.9,18.1,9.0,6.1,67,1,10.6,1017.7,0,0
2025-05-12,11.4,6.0,15.9,6.9,2.8,57,15,11.4,1016.9,0,0
2025-05-13,11.3,3.8,17.0,6.5,2.0,54,5,8.4,1019.5,0,0
2025-05-14,13.4,6.2,19.4,8.3,4.1,55,73,10.5,1016.2,0,0
2025-05-15,11.4,7.4,15.8,6.7,2.1,56,46,13.5,1016.8,0,0
2025-05-16,10.0,4.1,15.6,6.7,4.0,69,40,10.5,1017.9,1,0
2025-05-17,10.3,4.5,15.4,7.6,5.3,75,62,13.1,1015.4,1,0
2025-05-18,10.6,7.8,14.7,8.4,6.9,80,64,14.2,1015.2,1,0
2025-05-19,12.0,6.3,16.6,9.1,7.2,74,51,8.3,1019.0,1,0
2025-05-20,13.7,6.8,19.0,10.8,8.9,75,24,2.3,1017.1,1,0
2025-05-21,14.0,9.2,18.4,9.1,4.8,57,77,12.3,1012.0,0,0
2025-05-22,9.4,5.8,12.6,5.5,1.7,60,60,15.9,1012.0,1,0
2025-05-23,7.4,3.2,12.2,4.7,2.4,72,38,14.7,1015.5,1,0
2025-05-24,10.2,4.0,14.9,6.8,4.0,68,76,12.0,1016.7,1,0
2025-05-25,12.8,9.7,17.2,11.5,10.9,89,85,14.5,1011.6,1,0
2025-05-26,12.9,9.2,16.5,10.5,8.9,78,70,10.4,1016.0,1,0
2025-05-27,14.1,8.9,18.0,10.6,8.2,68,81,14.4,1017.3,1,0
2025-05-28,13.7,11.1,16.8,12.4,11.9,89,90,18.7,1013.4,1,0
2025-05-29,12.6,8.1,16.3,10.3,8.9,79,89,13.0,1021.3,1,0
2025-05-30,17.7,13.1,22.9,14.6,12.9,75,55,13.0,1019.8,1,0
2025-05-31,18.8,11.8,24.2,16.2,14.9,79,76,5.7,1018.1,1,0
2025-06-01,17.7,13.6,23.1,15.7,14.8,84,88,9.8,1014.2,1,0
2025-06-02,15.4,10.4,19.4,12.3,10.4,74,45,8.7,1015.4,1,0
2025-06-03,15.7,8.0,21.0,12.1,9.8,70,28,7.7,1013.9,1,0
2025-06-04,16.8,13.9,19.5,14.9,14.1,84,74,13.0,1009.2,1,0
2025-06-05,15.2,12.1,18.2,12.9,11.6,80,88,11.5,1010.7,1,0
2025-06-06,15.9,13.7,18.9,13.2,11.6,77,78,18.2,1009.3,1,0
2025-06-07,14.8,12.3,17.5,12.8,11.9,83,65,13.6,1009.9,1,0
2025-06-08,12.7,9.4,15.2,10.4,9.0,79,59,22.8,1011.2,1,0
2025-06-09,11.8,6.9,16.3,9.2,7.6,76,51,11.9,1022.5,1,0
2025-06-10,13.5,8.1,18.1,11.2,9.9,79,85,15.9,1016.5,1,0
2025-06-11,12.8,9.3,16.8,10.3,8.7,78,52,11.9,1021.7,1,0
2025-06-12,15.1,8.0,20.9,11.4,9.0,69,0,12.2,1022.2,0,0
2025-06-13,18.4,11.1,24.8,13.5,10.4,61,14,13.8,1023.3,0,0
2025-06-14,21.4,13.1,29.0,16.1,13.1,61,18,9.8,1019.5,0,0
2025-06-15,19.6,15.6,24.0,17.0,15.8,79,77,13.3,1018.9,1,0
2025-06-16,16.4,12.9,19.9,13.0,10.8,71,60,14.2,1025.5,0,0
2025-06-17,18.5,11.0,24.3,14.5,12.2,69,59,3.4,1025.6,0,0
2025-06-18,20.1,13.7,24.9,15.0,11.8,61,70,7.7,1022.5,0,0
2025-06-19,16.6,12.1,20.5,12.2,9.0,63,14,12.7,1024.9,0,0
2025-06-20,15.1,7.4,21.5,11.0,8.2,66,13,4.3,1026.4,0,0
2025-06-21,18.3,8.6,25.9,12.4,8.0,56,11,5.2,1023.1,0,0
2025-06-22,22.2,11.1,30.0,15.3,10.8,53,56,8.1,1016.3,0,0
2025-06-23,19.7,14.8,22.9,15.1,12.1,63,52,19.8,1011.0,1,0
2025-06-24,17.4,12.1,22.0,12.4,9.0,59,58,17.7,1012.8,0,0
2025-06-25,21.3,16.4,26.5,16.6,14.0,65,28,15.5,1012.3,1,0
2025-06-26,20.7,16.0,28.0,17.2,15.4,74,66,14.1,1013.0,1,0
2025-06-27,17.1,13.9,18.2,14.4,13.1,78,87,15.2,1020.9,1,0
2025-06-28,20.2,13.1,26.1,16.6,14.8,73,23,11.4,1023.6,0,0
2025-06-29,21.9,17.4,26.6,18.2,16.4,73,20,12.2,1023.1,1,0
2025-06-30,19.7,13.6,25.3,14.8,11.5,63,1,4.3,1021.9,0,0
2025-07-01,22.2,12.9,30.2,16.0,12.2,55,0,5.8,1018.1,0,0
2025-07-02,25.3,15.1,33.2,18.7,15.0,57,7,4.4,1014.9,0,0
2025-07-03,19.2,14.2,22.6,14.7,11.7,64,42,14.9,1022.0,1,0
2025-07-04,17.0,11.6,22.0,11.9,8.3,59,55,5.9,1025.8,0,0
2025-07-05,18.7,10.0,24.8,13.0,9.0,57,74,7.7,1016.7,0,0
2025-07-06,18.4,15.3,23.3,13.3,9.9,59,90,12.5,1008.8,1,0
2025-07-07,15.8,12.8,20.1,13.8,12.8,82,95,13.9,1003.8,1,0
2025-07-08,14.1,10.6,17.5,10.9,8.8,72,47,14.9,1011.2,1,0
2025-07-09,15.5,11.7,19.5,12.3,10.3,73,46,15.4,1018.4,1,0
2025-07-10,16.3,12.1,22.1,13.0,10.9,73,51,12.1,1020.8,0,0
2025-07-11,17.0,12.3,21.2,13.7,11.6,73,70,12.1,1017.5,1,0
2025-07-12,16.9,13.9,19.9,14.4,13.1,79,90,14.9,1011.9,1,0
2025-07-13,17.4,14.4,21.0,15.3,14.3,83,70,8.8,1010.7,1,0
2025-07-14,19.7,14.1,24.6,15.7,13.4,70,60,10.0,1013.8,1,0
2025-07-15,17.1,12.9,21.5,14.2,12.3,76,47,10.8,1017.0,1,0
2025-07-16,14.5,11.2,17.9,12.3,11.1,80,71,10.7,1013.6,1,0
2025-07-17,15.5,12.2,19.0,13.8,12.9,86,87,17.0,1015.2,1,0
2025-07-18,18.3,15.4,22.1,16.1,15.0,83,56,10.4,1014.5,1,0
2025-07-19,20.6,12.6,27.6,16.4,14.0,69,60,7.5,1010.8,0,0
2025-07-20,22.2,16.8,27.7,18.0,15.8,69,75,5.8,1006.6,1,0
2025-07-21,17.6,15.3,20.1,16.1,15.4,87,77,7.3,1006.5,1,0
2025-07-22,17.1,13.4,20.8,14.1,12.3,75,60,14.6,1008.3,1,0
2025-07-23,18.1,14.6,22.1,15.0,13.4,76,42,16.8,1011.0,1,0
2025-07-24,18.5,13.7,23.0,15.4,13.8,76,91,6.7,1013.0,1,0
2025-07-25,18.6,13.6,23.6,15.9,14.6,79,66,9.0,1015.3,1,0
2025-07-26,18.3,14.8,22.2,14.7,12.6,71,59,8.0,1015.7,0,0
2025-07-27,16.3,13.6,20.1,14.6,13.8,85,94,8.7,1012.2,1,0
2025-07-28,16.3,13.2,20.5,13.5,11.8,76,71,16.0,1013.2,1,0
2025-07-29,15.2,12.2,19.1,12.2,10.3,75,53,14.7,1016.0,1,0
2025-07-30,15.6,10.7,20.2,11.7,9.0,68,66,9.5,1015.2,0,0
2025-07-31,16.0,13.4,20.2,12.8,10.9,73,89,14.8,1013.7,1,0
2025-08-01,16.4,14.1,20.8,14.0,12.7,80,77,14.3,1010.1,1,0
2025-08-02,15.7,12.9,20.3,13.3,11.8,79,66,13.0,1011.7,1,0
2025-08-03,14.2,11.9,16.0,12.6,11.8,86,98,13.7,1017.1,1,0
2025-08-04,18.2,13.4,23.4,14.5,12.3,71,88,15.2,1016.6,1,0
2025-08-05,16.9,12.9,19.8,13.9,12.1,75,63,15.5,1017.1,1,0
2025-08-06,15.4,10.4,20.5,11.2,8.3,65,38,11.3,1023.5,0,0
2025-08-07,17.4,9.0,24.0,12.7,9.5,63,92,7.1,1018.9,1,0
2025-08-08,20.5,14.4,25.5,14.9,11.4,59,92,9.3,1018.2,0,0
2025-08-09,21.0,12.7,28.3,15.8,12.6,62,43,6.4,1019.8,0,0
2025-08-10,18.3,13.4,23.3,13.5,10.2,62,10,10.1,1026.1,0,0
2025-08-11,18.5,9.7,25.4,12.8,8.6,57,1,5.2,1025.0,0,0
2025-08-12,20.8,11.0,29.1,14.3,9.9,54,2,8.5,1019.1,0,0
2025-08-13,23.2,13.1,31.5,17.0,13.3,58,4,4.9,1016.1,0,0
2025-08-14,25.6,17.0,33.4,18.7,14.8,55,37,4.6,1018.2,0,0
2025-08-15,23.4,18.5,29.2,18.6,16.2,65,29,9.4,1020.6,0,0
2025-08-16,18.1,14.1,22.2,15.1,13.4,75,36,12.3,1022.1,0,0
2025-08-17,14.2,9.4,19.0,11.4,9.7,75,56,10.6,1021.3,1,0
2025-08-18,16.7,9.5,23.1,12.2,9.2,65,7,4.7,1020.4,0,0
2025-08-19,18.5,10.0,25.8,13.1,9.5,60,2,4.4,1014.9,0,0
2025-08-20,16.9,11.0,22.6,13.3,11.1,71,26,7.5,1011.0,0,0
2025-08-21,16.8,11.2,21.7,12.5,9.5,64,28,8.9,1010.8,0,0
2025-08-22,13.3,8.8,16.6,9.5,6.6,66,65,13.0,1016.7,1,0
2025-08-23,12.8,9.6,16.5,9.5,7.3,70,49,13.7,1017.5,1,0
2025-08-24,12.0,5.6,17.2,8.5,5.8,69,20,7.4,1020.6,0,0
2025-08-25,13.3,5.7,19.8,9.1,5.9,63,37,6.6,1018.9,0,0
2025-08-26,16.5,8.4,24.2,11.3,7.6,58,60,4.3,1013.4,0,0
2025-08-27,20.4,15.2,26.8,15.9,13.2,66,61,8.7,1009.6,1,0
2025-08-28,17.2,15.1,20.2,16.4,16.1,93,100,5.8,1006.0,1,0
2025-08-29,16.5,12.9,20.6,14.8,14.0,86,69,4.6,1003.9,1,0
2025-08-30,16.5,12.7,21.0,13.1,11.0,71,27,10.0,1008.1,1,0
2025-08-31,17.0,11.3,22.2,13.7,11.9,73,29,7.8,1011.8,0,0
2025-09-01,16.5,11.7,20.9,13.9,12.5,78,76,7.7,1009.1,1,0
2025-09-02,16.7,13.4,21.0,13.6,11.8,74,63,6.7,1010.4,1,0
2025-09-03,17.3,13.0,21.4,13.7,11.5,69,53,14.4,1011.0,0,0
2025-09-04,19.6,16.5,24.5,15.6,13.3,68,73,11.7,1012.6,1,0
2025-09-05,16.3,11.7,19.4,13.5,11.8,77,61,11.0,1018.6,1,0
2025-09-06,14.8,9.1,20.4,11.8,10.1,75,33,4.6,1024.5,1,0
2025-09-07,15.8,11.1,21.2,12.4,10.4,72,89,11.2,1020.8,0,0
2025-09-08,15.4,8.8,21.4,11.9,9.6,70,61,7.7,1017.3,0,0
2025-09-09,15.6,9.9,21.0,13.0,11.4,78,82,5.5,1014.6,1,0
2025-09-10,14.6,10.9,18.9,13.0,12.2,87,79,4.7,1010.8,1,0
2025-09-11,13.9,9.7,18.0,11.7,10.5,81,41,13.3,1008.1,1,0
2025-09-12,13.5,11.0,17.1,10.8,9.2,76,37,14.6,1015.7,1,0
2025-09-13,13.6,9.3,18.0,10.9,9.3,75,84,10.0,1017.2,1,0
2025-09-14,13.9,11.1,17.1,10.6,8.5,71,78,11.8,1014.5,1,0
2025-09-15,16.7,12.9,20.5,13.5,11.5,73,52,20.0,1009.2,1,0
2025-09-16,14.1,11.4,16.9,10.1,7.2,64,44,26.1,1014.2,1,0
2025-09-17,13.4,10.5,16.4,10.4,8.6,73,94,15.7,1020.5,1,0
2025-09-18,17.1,13.2,23.1,14.3,12.9,77,70,13.1,1021.2,1,0
2025-09-19,18.8,14.9,25.0,15.8,14.3,77,60,7.5,1023.7,0,0
2025-09-20,20.4,14.4,27.1,15.9,13.5,65,40,9.1,1016.3,0,0
2025-09-21,17.3,10.9,21.2,14.5,13.1,77,93,14.0,1013.5,1,0
2025-09-22,10.6,7.4,13.9,8.2,6.4,77,80,7.8,1020.2,1,0
2025-09-23,10.1,5.3,14.9,7.2,5.1,72,44,8.0,1024.0,0,0
2025-09-24,10.2,6.4,14.2,6.8,4.2,68,58,21.3,1024.6,0,0
2025-09-25,7.9,6.2,9.1,6.0,4.6,81,100,21.9,1023.6,1,0
2025-09-26,9.8,7.1,13.1,8.0,6.9,83,100,14.3,1023.9,1,0
2025-09-27,11.5,8.7,15.7,10.2,9.6,88,84,9.0,1022.6,1,0
2025-09-28,12.5,8.3,17.5,10.7,9.8,85,40,4.7,1022.9,1,0
2025-09-29,11.1,8.1,15.4,8.5,6.8,77,31,7.4,1022.7,0,0
2025-09-30,9.3,5.2,14.0,6.4,4.3,73,21,8.7,1025.2,1,0
2025-10-01,6.4,2.3,10.2,4.6,3.4,82,41,9.5,1031.6,0,0
2025-10-02,6.3,1.5,12.2,4.4,3.1,82,23,7.1,1030.7,0,0
2025-10-03,7.4,0.6,13.6,4.8,2.8,75,59,8.3,1023.0,0,0
2025-10-04,9.9,7.3,13.6,8.2,7.2,83,88,22.0,1002.9,1,0
2025-10-05,9.2,7.7,11.7,7.6,6.7,84,94,23.0,1008.8,1,0
2025-10-06,10.2,8.1,12.4,9.1,8.5,89,96,20.0,1019.5,1,0
2025-10-07,12.4,10.8,13.8,11.7,11.5,95,100,9.0,1024.5,1,0
2025-10-08,12.9,10.8,14.2,12.2,12.0,94,97,9.0,1022.0,1,0
2025-10-09,12.0,10.1,14.3,10.3,9.3,84,88,11.7,1024.2,1,0
2025-10-10,12.2,10.9,14.3,10.3,9.2,82,99,16.1,1030.2,1,0
2025-10-11,12.1,10.2,13.9,10.5,9.7,86,97,14.4,1032.5,1,0
2025-10-12,11.5,10.1,13.2,10.0,9.1,86,97,13.0,1029.3,1,0
2025-10-13,11.5,6.7,15.6,10.1,9.3,87,74,4.8,1027.0,1,0
2025-10-14,9.3,5.0,11.7,8.7,8.6,95,88,9.6,1025.6,1,0
2025-10-15,10.3,7.7,12.6,9.2,8.6,90,91,7.1,1026.0,1,0
2025-10-16,10.1,8.8,12.0,9.1,8.7,91,88,11.6,1023.6,1,0
2025-10-17,9.8,8.1,12.4,8.5,7.8,89,81,12.8,1022.7,1,0
2025-10-18,5.8,2.2,9.1,3.9,2.4,81,30,6.9,1027.4,0,0
2025-10-19,4.8,0.8,10.6,2.8,1.3,80,66,9.3,1019.3,0,0
2025-10-20,9.1,3.4,14.1,7.3,6.2,83,96,10.3,1005.1,1,0
2025-10-21,11.5,9.4,14.3,9.7,8.8,84,65,17.6,998.3,1,0
2025-10-22,11.9,9.9,14.8,10.5,9.7,87,94,10.3,999.5,1,0
2025-10-23,12.2,9.9,15.4,10.3,9.1,82,92,19.7,988.3,1,0
2025-10-24,8.1,6.0,9.6,5.6,3.6,74,73,25.5,998.5,1,0
2025-10-25,8.2,6.6,10.6,6.3,5.1,81,75,22.0,998.8,1,0
2025-10-26,5.3,2.5,6.9,3.8,2.7,84,74,25.4,1000.8,1,1
2025-10-27,6.2,4.4,8.1,4.9,4.2,87,88,24.6,998.3,1,1
2025-10-28,7.8,5.7,10.6,6.8,6.3,90,76,23.0,1005.9,1,0
2025-10-29,9.7,6.8,12.9,7.7,6.5,81,88,14.4,1007.0,1,0
2025-10-30,9.2,5.7,12.1,7.0,5.4,78,68,20.5,1006.5,1,0
2025-10-31,6.5,2.0,10.7,4.8,3.7,82,97,6.6,1015.6,0,0
2025-11-01,9.9,5.7,13.2,8.6,7.9,87,79,11.6,1012.4,1,0
2025-11-02,10.1,8.4,12.7,8.8,8.2,89,100,11.5,1012.2,1,0
2025-11-03,8.2,6.3,10.1,6.5,5.4,83,68,15.9,1019.0,1,0
2025-11-04,10.1,6.9,14.1,8.2,7.0,82,83,12.0,1022.1,0,0
2025-11-05,8.2,4.0,14.9,5.9,4.3,77,60,4.5,1019.7,0,0
2025-11-06,5.0,0.8,13.0,3.5,2.6,85,13,3.8,1013.4,0,0
2025-11-07,3.0,-0.8,7.7,1.9,1.3,89,32,2.5,1012.7,0,0
2025-11-08,4.9,2.9,6.7,4.2,4.0,94,100,1.9,1014.6,1,0
2025-11-09,7.3,5.1,9.2,6.8,6.7,96,97,5.5,1016.5,1,0
2025-11-10,7.0,3.3,9.9,6.2,5.9,93,72,6.2,1016.0,0,0
2025-11-11,7.5,4.0,11.0,6.3,5.7,89,92,12.5,1014.9,1,0
2025-11-12,7.7,3.3,11.9,5.7,4.5,81,100,8.7,1015.3,0,0
2025-11-13,11.2,7.4,15.0,8.2,6.2,72,96,10.2,1012.4,0,0
2025-11-14,11.5,9.1,15.7,8.3,6.0,70,100,6.1,1009.3,1,0
2025-11-15,7.1,5.8,9.6,6.7,6.5,96,100,14.5,1011.9,1,0
2025-11-16,7.3,4.5,10.4,6.9,6.8,97,89,11.0,1006.9,1,0
2025-11-17,2.2,0.2,4.3,1.4,1.0,92,76,14.9,1010.4,1,0
2025-11-18,1.5,-0.8,4.1,0.3,-0.4,88,72,16.2,1017.4,1,1
2025-11-19,1.8,-0.6,2.8,0.3,-0.8,83,87,16.5,1006.9,1,1
2025-11-20,0.4,-2.2,2.2,-0.6,-1.2,89,83,13.3,1007.0,1,1
2025-11-21,-3.3,-5.4,0.2,-4.4,-5.2,87,33,3.9,1022.6,0,0
2025-11-22,-3.2,-6.9,1.2,-4.6,-5.9,82,23,4.8,1027.4,0,0
2025-11-23,-3.0,-7.3,0.9,-5.4,-9.2,65,69,9.3,1014.4,1,1
2025-11-24,1.3,-0.4,3.2,0.3,-0.4,89,97,10.6,998.9,1,1
2025-11-25,1.9,-0.2,4.5,1.4,1.3,95,95,3.4,1004.3,0,0
2025-11-26,0.8,-1.9,3.5,-0.1,-0.6,91,61,6.3,1018.2,0,0
2025-11-27,1.8,-1.8,4.2,-0.0,-1.5,80,88,12.0,1022.1,1,0
2025-11-28,4.4,3.2,6.1,3.2,2.6,88,100,12.2,1018.0,1,0
2025-11-29,5.9,4.4,7.1,5.1,4.8,93,100,11.9,1012.9,1,0
2025-11-30,6.4,4.6,7.6,5.4,5.0,91,100,12.1,1011.5,1,0
2025-12-01,2.3,-0.6,5.2,0.7,-0.5,82,66,10.3,1018.3,0,0
2025-12-02,3.1,-0.5,6.2,1.6,0.5,84,99,7.1,1014.2,0,0
2025-12-03,3.5,1.1,5.8,1.8,0.7,82,96,3.4,1014.2,0,0
2025-12-04,0.4,-2.0,2.8,-0.8,-1.7,86,74,3.9,1011.4,0,0
2025-12-05,1.2,-1.4,3.0,0.3,-0.1,91,95,5.2,1012.1,1,1
2025-12-06,4.1,2.0,6.3,3.0,2.5,90,92,14.0,1009.4,1,1
2025-12-07,7.7,6.2,9.4,6.9,6.5,92,78,15.4,1009.3,1,0
2025-12-08,11.2,8.9,13.2,10.3,9.9,92,84,19.5,1012.5,1,0
2025-12-09,10.9,9.4,12.2,9.8,9.2,89,100,14.8,1015.2,1,0
2025-12-10,9.5,8.1,10.3,8.5,8.2,92,88,15.4,1018.2,1,0
2025-12-11,6.3,2.2,9.0,5.4,5.0,92,43,10.5,1024.1,0,0
2025-12-12,4.5,1.1,6.8,3.8,3.5,93,85,4.4,1024.5,0,0
2025-12-13,6.2,5.4,7.1,5.6,5.4,95,100,10.0,1027.8,0,0
2025-12-14,5.1,3.8,5.8,4.0,3.5,89,100,8.7,1026.5,0,0
2025-12-15,4.2,1.5,7.2,2.9,2.1,87,35,7.7,1019.5,0,0
2025-12-16,1.6,-0.9,7.2,0.1,-1.1,83,56,4.3,1017.0,0,0
2025-12-17,1.7,-1.6,5.4,0.5,-0.2,88,38,8.0,1019.4,0,0
2025-12-18,6.5,3.3,9.7,5.2,4.5,87,97,15.1,1020.6,0,0
2025-12-19,8.3,6.5,10.4,6.1,4.6,78,86,14.4,1019.1,1,0
2025-12-20,6.9,6.1,7.8,6.5,6.5,98,100,7.4,1019.1,1,0
2025-12-21,4.7,3.3,7.3,4.2,4.1,96,98,11.6,1016.1,0,0
2025-12-22,2.9,2.2,3.2,2.2,1.8,93,99,19.8,1015.4,0,0
2025-12-23,1.2,-0.3,2.8,0.1,-0.7,87,99,21.1,1021.4,0,0
2025-12-24,-2.7,-6.1,-0.1,-4.4,-6.0,78,75,21.2,1032.2,0,0
2025-12-25,-6.3,-7.2,-4.2,-7.8,-9.6,77,48,20.6,1034.4,0,0
2025-12-26,-4.7,-7.4,-0.6,-6.1,-7.5,81,33,11.2,1034.1,0,0
2025-12-27,-2.8,-6.7,1.2,-4.0,-5.4,83,77,10.0,1032.7,0,0
2025-12-28,-1.7,-4.0,0.9,-2.2,-2.4,96,74,6.1,1031.7,0,0
2025-12-29,-0.7,-4.9,1.7,-1.1,-1.2,97,87,16.1,1023.1,1,0
2025-12-30,-1.5,-4.1,0.6,-2.8,-4.1,84,30,12.8,1025.9,1,1
2025-12-31,-0.9,-4.6,1.5,-1.5,-1.8,94,87,19.2,1020.7,1,1
2026-01-01,0.8,-0.2,1.5,-0.5,-1.4,86,100,24.7,1004.2,1,1
2026-01-02,-0.4,-1.5,0.9,-1.7,-2.6,85,92,25.9,995.0,1,1
2026-01-03,-1.6,-2.9,-0.8,-2.9,-3.8,85,91,22.2,1000.6,1,1
2026-01-04,-1.6,-3.0,-0.3,-2.9,-3.8,85,90,18.5,1007.6,1,1
2026-01-05,-4.1,-7.2,-2.0,-5.3,-6.3,84,51,12.2,1013.0,0,0
2026-01-06,-4.5,-7.0,-3.2,-5.5,-6.1,89,95,9.1,1016.2,1,1
2026-01-07,-5.5,-7.1,-3.7,-6.7,-7.8,84,59,11.2,1013.9,1,1
2026-01-08,-2.2,-5.2,-0.2,-3.2,-3.8,89,80,9.9,1008.1,1,1
2026-01-09,-0.2,-1.9,1.3,-0.7,-0.9,94,100,15.9,994.8,1,1
2026-01-10,-6.8,-10.6,0.0,-7.9,-8.9,84,79,15.4,1009.3,1,1
2026-01-11,-9.4,-12.6,-6.7,-10.0,-10.5,92,84,6.8,1025.8,0,0
2026-01-12,-2.3,-10.8,2.2,-3.3,-4.1,88,99,7.3,1015.6,1,1
2026-01-13,3.6,2.7,5.6,3.0,2.7,94,99,11.2,1012.4,1,0
2026-01-14,4.2,1.1,6.0,3.7,3.6,96,100,13.1,1013.4,1,0
2026-01-15,5.1,2.3,8.6,4.5,4.3,95,86,10.6,1014.5,1,0
2026-01-16,4.7,-0.5,9.1,3.1,2.0,83,72,10.2,1016.3,0,0
2026-01-17,-0.1,-2.5,3.3,-0.7,-1.0,93,75,6.2,1022.1,0,0
2026-01-18,0.0,-2.8,3.2,-0.8,-1.3,91,57,11.0,1024.3,0,0
2026-01-19,-1.4,-3.8,4.3,-3.2,-5.1,77,0,7.5,1022.4,0,0
2026-01-20,-1.4,-5.8,5.6,-3.7,-6.7,70,1,4.0,1020.2,0,0
2026-01-21,-1.3,-4.5,5.3,-3.9,-7.4,66,1,4.0,1009.1,0,0
2026-01-22,-3.8,-6.8,0.1,-5.7,-7.8,75,0,8.3,1001.5,0,0
2026-01-23,-5.3,-7.6,-3.0,-6.9,-8.9,77,70,12.7,1002.5,0,0
2026-01-24,-4.4,-6.0,-2.7,-5.5,-6.4,86,97,14.3,1006.2,1,1
2026-01-25,-2.3,-3.4,-1.0,-3.1,-3.6,91,100,14.6,1002.5,1,1
2026-01-26,-2.4,-3.5,-1.1,-3.0,-3.2,94,100,9.7,998.6,1,1
2026-01-27,-1.1,-1.6,-0.2,-1.6,-1.8,96,100,11.3,1001.8,1,1
2026-01-28,-1.6,-2.1,-1.2,-2.1,-2.3,95,100,17.6,998.0,1,1
2026-01-29,-2.5,-2.9,-2.2,-3.2,-3.5,93,100,14.2,1001.7,1,1
2026-01-30,-2.2,-3.1,-1.1,-2.6,-2.8,96,100,11.8,1003.1,1,1
2026-01-31,-1.2,-2.8,0.3,-1.7,-1.8,96,98,13.7,1007.3,0,0
2026-02-01,-3.7,-4.7,-2.3,-4.4,-4.8,92,100,12.7,1012.4,1,0
2026-02-02,-5.1,-6.7,-3.7,-5.9,-6.4,91,100,16.2,1009.0,0,0
2026-02-03,-5.4,-7.3,-4.0,-6.2,-6.7,91,100,19.5,1006.5,1,1
2026-02-04,-2.6,-5.1,-0.2,-3.4,-3.8,92,94,14.2,1003.6,1,1
2026-02-05,-1.9,-4.1,0.6,-2.6,-2.8,94,99,11.7,996.2,1,1
